n,a,u,v,s,t,scaled,residual
10,0,3,5,3,5,1.0017881910092985,1.0017881910092985
10,0,3,7,3,7,1.0071538944990777,1.0071538944990777
10,0,3,11,3,11,0.9954703621018698,0.9954703621018698
10,0,3,13,3,13,0.986832264010577,0.986832264010577
10,0,3,17,3,17,1.0030910725167774,1.0030910725167774
10,0,3,19,3,19,0.9796394701604703,0.9796394701604703
10,0,5,7,5,7,0.9921613877357729,0.9921613877357729
10,0,5,9,5,9,0.9933258948877656,0.9933258948877656
10,0,5,11,5,11,0.9918638609028025,0.9918638609028025
10,0,5,13,5,13,1.0185308734853373,1.0185308734853373
10,0,5,17,5,17,1.0930042203325088,1.0930042203325088
10,0,5,19,5,19,0.9697051924119606,0.9697051924119606
10,0,7,9,7,9,1.0949250984334906,1.0949250984334906
10,0,7,11,7,11,1.0008686719371764,1.0008686719371764
10,0,7,13,7,13,1.006976139611073,1.006976139611073
10,0,7,15,7,15,0.9691073289884236,0.9691073289884236
10,0,7,17,7,17,0.9690947321169746,0.9690947321169746
10,0,7,19,7,19,0.9811968184303657,0.9811968184303657
10,0,9,11,9,11,0.9820569047722493,0.9820569047722493
10,0,9,13,9,13,1.0260841930709867,1.0260841930709867
10,0,9,17,9,17,0.9493154215278379,0.9493154215278379
10,0,9,19,9,19,0.9795698855105446,0.9795698855105446
10,0,11,13,11,13,1.0187915393871096,1.0187915393871096
10,0,11,15,11,15,0.9696812378484112,0.9696812378484112
10,0,11,17,11,17,0.996792241304686,0.996792241304686
10,0,11,19,11,19,0.9789924605214635,0.9789924605214635
10,0,13,15,13,15,0.959369085128586,0.959369085128586
10,0,13,17,13,17,0.9522820669911055,0.9522820669911055
10,0,13,19,13,19,1.0183297520916057,1.0183297520916057
10,0,15,17,15,17,1.379185106718081,1.379185106718081
10,1,3,5,6,10,1.4807759343889015,0.7403879671944508
10,1,3,7,6,14,1.4973928685236038,0.7486964342618019
10,1,3,11,6,22,1.4263289438911042,0.7131644719455521
10,1,3,13,6,26,1.4090402044837362,0.7045201022418681
10,1,3,17,6,34,1.4850998033268532,0.7425499016634266
10,1,3,19,6,38,1.375189943125799,0.6875949715628995
10,1,5,7,10,14,1.4192381206733224,0.7096190603366612
10,1,5,9,10,18,1.4411381597158173,0.7205690798579086
10,1,5,11,10,22,1.4090817253629517,0.7045408626814759
10,1,5,13,10,26,1.545768091860829,0.7728840459304145
10,1,5,17,10,34,1.9708354220069486,0.9854177110034743
10,1,5,19,10,38,1.3872154050068883,0.6936077025034442
10,1,7,9,14,18,1.653075194981853,0.8265375974909265
10,1,7,11,14,22,1.430825303387527,0.7154126516937634
10,1,7,13,14,26,1.4475653597404579,0.7237826798702289
10,1,7,15,14,30,1.3391286215955376,0.6695643107977688
10,1,7,17,14,34,1.3004842276967241,0.6502421138483621
10,1,7,19,14,38,1.3448620301011125,0.6724310150505562
10,1,9,11,18,22,1.391495873372822,0.695747936686411
10,1,9,13,18,26,1.5387969559600414,0.7693984779800207
10,1,9,17,18,34,1.3139079988851858,0.6569539994425929
10,1,9,19,18,38,1.3649188793386173,0.6824594396693087
10,1,11,13,22,26,1.464707791439515,0.7323538957197575
10,1,11,15,22,30,1.382768503305024,0.691384251652512
10,1,11,17,22,34,1.32949271247249,0.664746356236245
10,1,11,19,22,38,1.440106676736505,0.7200533383682525
10,1,13,15,26,30,1.307533945108825,0.6537669725544125
10,1,13,17,26,34,1.3199247116124344,0.6599623558062172
10,1,13,19,26,38,1.3634993212085855,0.6817496606042928
10,1,15,17,30,34,3.950694597257581,1.9753472986287905
10,2,3,5,12,20,3.9269821008335963,0.9817455252083991
10,2,3,7,12,28,3.9126793631391252,0.9781698407847813
10,2,3,11,12,44,3.809856047843352,0.952464011960838
10,2,3,13,12,52,3.683739630986681,0.9209349077466702
10,2,3,17,12,68,4.048177147753486,1.0120442869383715
10,2,3,19,12,76,3.65940197086205,0.9148504927155126
10,2,5,7,20,28,3.6748374202516123,0.9187093550629031
10,2,5,9,20,36,3.842114845242925,0.9605287113107313
10,2,5,11,20,44,3.734110394657957,0.9335275986644892
10,2,5,13,20,52,4.232320671730749,1.0580801679326872
10,2,5,17,20,68,6.165193265312037,1.5412983163280092
10,2,5,19,20,76,3.877674305635628,0.969418576408907
10,2,7,9,28,36,4.486538019502519,1.1216345048756298
10,2,7,11,28,44,3.7796955188213563,0.9449238797053391
10,2,7,13,28,52,3.813527482849511,0.9533818707123778
10,2,7,15,28,60,3.247840885036537,0.8119602212591343
10,2,7,17,28,68,3.1755198099114765,0.7938799524778691
10,2,7,19,28,76,3.5653167803958357,0.8913291950989589
10,2,9,11,36,44,3.7871197850092635,0.9467799462523159
10,2,9,13,36,52,4.537057802946077,1.1342644507365192
10,2,9,17,36,68,3.30434095498857,0.8260852387471425
10,2,9,19,36,76,3.5494699365777294,0.8873674841444323
10,2,11,13,44,52,3.784780885919777,0.9461952214799443
10,2,11,15,44,60,3.5388633577800475,0.8847158394450119
10,2,11,17,44,68,3.4493755421551104,0.8623438855387776
10,2,11,19,44,76,3.6777580063069477,0.9194395015767369
10,2,13,15,52,60,3.074113304368419,0.7685283260921048
10,2,13,17,52,68,2.9744464179341814,0.7436116044835454
10,2,13,19,52,76,3.733904502845273,0.9334761257113182
10,2,15,17,60,68,15.1003634688563,3.775090867214075
10,3,3,5,24,40,5.571548194033905,0.6964435242542382
10,3,3,7,24,56,6.09044440220119,0.7613055502751488
10,3,3,11,24,88,5.256848769324729,0.6571060961655911
10,3,3,13,24,104,4.67872447784511,0.5848405597306388
10,3,3,17,24,136,5.113698533424147,0.6392123166780184
10,3,3,19,24,152,4.626764035461279,0.5783455044326599
10,3,5,7,40,56,4.927915461546295,0.6159894326932869
10,3,5,9,40,72,4.938020166389535,0.6172525207986919
10,3,5,11,40,88,5.299452106773575,0.6624315133466969
10,3,5,13,40,104,5.721203494174426,0.7151504367718032
10,3,5,17,40,136,7.533210812518012,0.9416513515647515
10,3,5,19,40,152,6.2335694442802785,0.7791961805350348
10,3,7,9,56,72,8.873468663294494,1.1091835829118117
10,3,7,11,56,88,5.2476638575606405,0.6559579821950801
10,3,7,13,56,104,4.29615552373596,0.537019440466995
10,3,7,15,56,120,5.050492712012927,0.6313115890016159
10,3,7,17,56,136,3.6452191373583314,0.4556523921697914
10,3,7,19,56,152,4.662025926866972,0.5827532408583715
10,3,9,11,72,88,5.421621064313402,0.6777026330391752
10,3,9,13,72,104,4.885567147790489,0.6106958934738111
10,3,9,17,72,136,5.154238095560556,0.6442797619450695
10,3,9,19,72,152,3.7192777357201408,0.4649097169650176
10,3,11,13,88,104,5.169884083613257,0.6462355104516572
10,3,11,15,88,120,4.1602516614270755,0.5200314576783844
10,3,11,17,88,136,3.2116612004491074,0.4014576500561384
10,3,11,19,88,152,4.978336515894291,0.6222920644867864
10,3,13,15,104,120,3.8919648584431075,0.48649560730538843
10,3,13,17,104,136,4.141995394588005,0.5177494243235006
10,3,13,19,104,152,4.676563516151566,0.5845704395189457
10,3,15,17,120,136,19.942503984652678,2.4928129980815847
10,4,3,5,48,80,15.138892278993177,0.9461807674370736
10,4,3,7,48,112,16.74839747520467,1.0467748422002918
10,4,3,11,48,176,13.374071765031477,0.8358794853144673
10,4,3,13,48,208,11.343820764700238,0.7089887977937649
10,4,3,17,48,272,13.088032621203075,0.8180020388251922
10,4,3,19,48,304,12.405121755696157,0.7753201097310098
10,4,5,7,80,112,11.456185749184126,0.7160116093240079
10,4,5,9,80,144,11.466571505456916,0.7166607190910572
10,4,5,11,80,176,14.153280885084364,0.8845800553177727
10,4,5,13,80,208,11.293638178523924,0.7058523861577453
10,4,5,17,80,272,19.030911748166083,1.1894319842603802
10,4,5,19,80,304,18.654807346049992,1.1659254591281245
10,4,7,9,112,144,34.952672619315955,2.184542038707247
10,4,7,11,112,176,8.87666623627298,0.5547916397670613
10,4,7,13,112,208,10.426477908995636,0.6516548693122273
10,4,7,15,112,240,14.533066459788134,0.9083166537367584
10,4,7,17,112,272,6.497862101849254,0.40611638136557837
10,4,7,19,112,304,10.520287314649188,0.6575179571655743
10,4,9,11,144,176,8.624195907403635,0.5390122442127272
10,4,9,13,144,208,16.09619922692219,1.006012451682637
10,4,9,17,144,272,10.701654702072391,0.6688534188795244
10,4,9,19,144,304,13.441171168928285,0.8400731980580178
10,4,11,13,176,208,11.320160216007087,0.707510013500443
10,4,11,15,176,240,9.581948917482775,0.5988718073426734
10,4,11,17,176,272,8.494543110626934,0.5309089444141833
10,4,11,19,176,304,12.066104601239589,0.7541315375774743
10,4,13,15,208,240,12.649590487800422,0.7905994054875264
10,4,13,17,208,272,4.315711657442458,0.26973197859015363
10,4,13,19,208,304,10.358717630414304,0.647419851900894
10,4,15,17,240,272,53.3001865210263,3.3312616575641436
10,5,3,5,96,160,27.5875304145853,0.8621103254557906
10,5,3,7,96,224,21.522956991089245,0.6725924059715389
10,5,3,11,96,352,12.077824140154117,0.37743200437981617
10,5,3,13,96,416,14.977598101317888,0.468049940666184
10,5,3,17,96,544,2.058541437180667,0.06432941991189585
10,5,3,19,96,608,13.736065764234402,0.42925205513232506
10,5,5,7,160,224,12.645870358838865,0.3951834487137145
10,5,5,9,160,288,9.968782615707054,0.31152445674084545
10,5,5,11,160,352,9.491315680462705,0.29660361501445953
10,5,5,13,160,416,8.725775247470025,0.2726804764834383
10,5,5,17,160,544,4.480385585896752,0.1400120495592735
10,5,5,19,160,608,36.045955440587505,1.1264361075183595
10,5,7,9,224,288,62.88905764377386,1.9652830513679331
10,5,7,11,224,352,-3.7158835946682345e-05,-1.1612136233338233e-06
10,5,7,13,224,416,19.33886674055789,0.6043395856424341
10,5,7,15,224,480,12.29669644666303,0.3842717639582197
10,5,7,17,224,544,6.300085838034038,0.19687768243856368
10,5,7,19,224,608,21.060124864875572,0.6581289020273616
10,5,9,11,288,352,-5.756199752848801e-05,-1.7988124227652502e-06
10,5,9,13,288,416,31.080329405404193,0.971260293918881
10,5,9,17,288,544,10.125152078333631,0.31641100244792597
10,5,9,19,288,608,33.84664314251053,1.057707598203454
10,5,11,13,352,416,24.53922162545004,0.7668506757953137
10,5,11,15,352,480,-7.580770794102243e-05,-2.368990873156951e-06
10,5,11,17,352,544,-0.00010249429080722017,-3.2029465877256302e-06
10,5,11,19,352,608,-0.00011455244266689313,-3.5797638333404103e-06
10,5,13,15,416,480,-0.00010547817239803248,-3.296192887438515e-06
10,5,13,17,416,544,-0.00013418726754133026,-4.1933521106665705e-06
10,5,13,19,416,608,-0.00014997400489913382,-4.686687653097932e-06
10,5,15,17,480,544,-0.0001417609885345783,-4.430030891705572e-06
10,6,3,5,192,320,92.45926093841223,1.444675952162691
10,6,3,7,192,448,40.92209134777286,0.639407677308951
10,6,3,11,192,704,35.065017387474754,0.547890896679293
10,6,3,13,192,832,41.44047454899784,0.6475074148280913
10,6,3,17,192,1088,-8.680485324408238e-05,-1.3563258319387872e-06
10,6,3,19,192,1216,-9.701718891985678e-05,-1.5158935768727622e-06
10,6,5,7,320,448,19.192885912415232,0.299888842381488
10,6,5,9,320,576,-9.802760271515609e-05,-1.531681292424314e-06
10,6,5,11,320,704,45.240413752481395,0.7068814648825218
10,6,5,13,320,832,-0.00014159542614411436,-2.212428533501787e-06
10,6,5,17,320,1088,-0.0001729698632768617,-2.702654113700964e-06
10,6,5,19,320,1216,-0.0001933192589564925,-3.020613421195195e-06
10,6,7,9,448,576,83.99983744419904,1.31249746006561
10,6,7,11,448,704,-0.0001436702605821516,-2.2448478215961187e-06
10,6,7,13,448,832,96.69442781240554,1.5108504345688365
10,6,7,15,448,960,57.57865933370634,0.8996665520891616
10,6,7,17,448,1088,-0.00021097376014367342,-3.296465002244897e-06
10,6,7,19,448,1216,-0.00023579420251351735,-3.6842844142737086e-06
10,6,9,11,576,704,-0.0002064857105499307,-3.226339227342667e-06
10,6,9,13,576,832,186.48219223068972,2.913784253604527
10,6,9,17,576,1088,-0.00030643190824797273,-4.787998566374574e-06
10,6,9,19,576,1216,-0.00034248272098302834,-5.351292515359818e-06
10,6,11,13,704,832,-0.000298257137461011,-4.660267772828297e-06
10,6,11,15,704,960,-0.00034206661862379306,-5.344790915996767e-06
10,6,11,17,704,1088,-0.0003721748300744565,-5.815231719913383e-06
10,6,11,19,704,1216,-0.00041596010420086316,-6.499376628138487e-06
10,6,13,15,832,960,-0.0004067142783559241,-6.354910599311314e-06
10,6,13,17,832,1088,-0.00044262386746929394,-6.915997929207718e-06
10,6,13,19,832,1216,-0.000494697263642152,-7.729644744408626e-06
10,6,15,17,960,1088,-0.0005075111319197134,-7.929861436245522e-06
11,0,3,5,3,5,1.003988854674494,1.003988854674494
11,0,3,7,3,7,1.001783968867871,1.001783968867871
11,0,3,11,3,11,0.9968853129440439,0.9968853129440439
11,0,3,13,3,13,0.9944268068916107,0.9944268068916107
11,0,3,17,3,17,1.0012418290947813,1.0012418290947813
11,0,3,19,3,19,0.9908038917540025,0.9908038917540025
11,0,5,7,5,7,0.9932271605506202,0.9932271605506202
11,0,5,9,5,9,0.9981199875732604,0.9981199875732604
11,0,5,11,5,11,0.9941580191133581,0.9941580191133581
11,0,5,13,5,13,1.0121395533771607,1.0121395533771607
11,0,5,17,5,17,1.0471153030227727,1.0471153030227727
11,0,5,19,5,19,0.9845592905733025,0.9845592905733025
11,0,7,9,7,9,1.1021875038317908,1.1021875038317908
11,0,7,11,7,11,0.9930848126547345,0.9930848126547345
11,0,7,13,7,13,1.014482458142618,1.014482458142618
11,0,7,15,7,15,0.9798920349611222,0.9798920349611222
11,0,7,17,7,17,0.9766986771497398,0.9766986771497398
11,0,7,19,7,19,0.9958752823133441,0.9958752823133441
11,0,9,11,9,11,0.9863605069087596,0.9863605069087596
11,0,9,13,9,13,1.0057837642303942,1.0057837642303942
11,0,9,17,9,17,0.9746987560338908,0.9746987560338908
11,0,9,19,9,19,0.9890839323813846,0.9890839323813846
11,0,11,13,11,13,0.9956820534065431,0.9956820534065431
11,0,11,15,11,15,0.9688161136802896,0.9688161136802896
11,0,11,17,11,17,0.9732407349415068,0.9732407349415068
11,0,11,19,11,19,0.9998663768044274,0.9998663768044274
11,0,13,15,13,15,0.9785077086893466,0.9785077086893466
11,0,13,17,13,17,0.9739208399126352,0.9739208399126352
11,0,13,19,13,19,1.0050866142613024,1.0050866142613024
11,0,15,17,15,17,1.235294345982318,1.235294345982318
11,1,3,5,6,10,1.4663961568542803,0.7331980784271401
11,1,3,7,6,14,1.4725990868101373,0.7362995434050686
11,1,3,11,6,22,1.4453609368533318,0.7226804684266659
11,1,3,13,6,26,1.4302781041845927,0.7151390520922963
11,1,3,17,6,34,1.4699567318610978,0.7349783659305489
11,1,3,19,6,38,1.4211259425848837,0.7105629712924418
11,1,5,7,10,14,1.4367097133750957,0.7183548566875478
11,1,5,9,10,18,1.438725941478805,0.7193629707394025
11,1,5,11,10,22,1.423121247125767,0.7115606235628835
11,1,5,13,10,26,1.4965598257417552,0.7482799128708776
11,1,5,17,10,34,1.5854984064384678,0.7927492032192339
11,1,5,19,10,38,1.4032405120882305,0.7016202560441153
11,1,7,9,14,18,1.7607881374568257,0.8803940687284129
11,1,7,11,14,22,1.431552469134389,0.7157762345671945
11,1,7,13,14,26,1.4617229839092798,0.7308614919546399
11,1,7,15,14,30,1.394596017093563,0.6972980085467815
11,1,7,17,14,34,1.375697057052522,0.687848528526261
11,1,7,19,14,38,1.4603455111057984,0.7301727555528992
11,1,9,11,18,22,1.404890303498856,0.702445151749428
11,1,9,13,18,26,1.4386464826200338,0.7193232413100169
11,1,9,17,18,34,1.3711975669755458,0.6855987834877729
11,1,9,19,18,38,1.4100661914367023,0.7050330957183512
11,1,11,13,22,26,1.4524380944173303,0.7262190472086651
11,1,11,15,22,30,1.3696417176584252,0.6848208588292126
11,1,11,17,22,34,1.3831353527968682,0.6915676763984341
11,1,11,19,22,38,1.4471059898327547,0.7235529949163774
11,1,13,15,26,30,1.3902269702066472,0.6951134851033236
11,1,13,17,26,34,1.3916536979533127,0.6958268489766564
11,1,13,19,26,38,1.4695999994409852,0.7347999997204926
11,1,15,17,30,34,2.5338777881013237,1.2669388940506618
11,2,3,5,12,20,3.88121561299724,0.97030390324931
11,2,3,7,12,28,3.889663444530748,0.972415861132687
11,2,3,11,12,44,3.770009719128401,0.9425024297821003
11,2,3,13,12,52,3.7882527294685255,0.9470631823671314
11,2,3,17,12,68,3.9430005241864516,0.9857501310466129
11,2,3,19,12,76,3.676239192649877,0.9190597981624693
11,2,5,7,20,28,3.819251136211225,0.9548127840528062
11,2,5,9,20,36,3.825182509386893,0.9562956273467232
11,2,5,11,20,44,3.722895067355053,0.9307237668387632
11,2,5,13,20,52,4.054946515196256,1.013736628799064
11,2,5,17,20,68,4.752354446056737,1.1880886115141842
11,2,5,19,20,76,3.6529210899230438,0.9132302724807609
11,2,7,9,28,36,4.740691157259286,1.1851727893148214
11,2,7,11,28,44,3.78365480893063,0.9459137022326575
11,2,7,13,28,52,4.149374545589521,1.0373436363973803
11,2,7,15,28,60,3.633702389180605,0.9084255972951513
11,2,7,17,28,68,3.581138740465924,0.895284685116481
11,2,7,19,28,76,3.8082656749046033,0.9520664187261508
11,2,9,11,36,44,3.6535781013668105,0.9133945253417026
11,2,9,13,36,52,4.063196419225807,1.0157991048064519
11,2,9,17,36,68,3.525885492753158,0.8814713731882895
11,2,9,19,36,76,3.513040661417087,0.8782601653542718
11,2,11,13,44,52,3.8969097652261286,0.9742274413065322
11,2,11,15,44,60,3.5486188672799144,0.8871547168199786
11,2,11,17,44,68,3.7522070265364382,0.9380517566341096
11,2,11,19,44,76,3.9034400296644627,0.9758600074161157
11,2,13,15,52,60,3.6859106412733103,0.9214776603183276
11,2,13,17,52,68,3.6763850620696044,0.9190962655174011
11,2,13,19,52,76,4.041784109624561,1.0104460274061402
11,2,15,17,60,68,7.862119134351543,1.9655297835878858
11,3,3,5,24,40,5.943879349729759,0.7429849187162199
11,3,3,7,24,56,5.872525145702883,0.7340656432128604
11,3,3,11,24,88,5.617486562799216,0.702185820349902
11,3,3,13,24,104,5.390370964235327,0.6737963705294159
11,3,3,17,24,136,6.383814888300004,0.7979768610375005
11,3,3,19,24,152,5.460287661181347,0.6825359576476684
11,3,5,7,40,56,5.465465762960736,0.683183220370092
11,3,5,9,40,72,5.55079538743792,0.69384942342974
11,3,5,11,40,88,5.414928553188727,0.6768660691485908
11,3,5,13,40,104,6.28107052987524,0.785133816234405
11,3,5,17,40,136,10.365010846133702,1.2956263557667127
11,3,5,19,40,152,5.476784038236814,0.6845980047796018
11,3,7,9,56,72,8.052573912159438,1.0065717390199298
11,3,7,11,56,88,5.582321198493094,0.6977901498116368
11,3,7,13,56,104,5.814324587991612,0.7267905734989515
11,3,7,15,56,120,4.779514078321424,0.597439259790178
11,3,7,17,56,136,4.559823193120701,0.5699778991400877
11,3,7,19,56,152,5.125331123995554,0.6406663904994443
11,3,9,11,72,88,5.297671927782551,0.6622089909728188
11,3,9,13,72,104,6.03746700801826,0.7546833760022825
11,3,9,17,72,136,4.993253528683344,0.624156691085418
11,3,9,19,72,152,5.121623160673543,0.6402028950841929
11,3,11,13,88,104,6.181071178927168,0.772633897365896
11,3,11,15,88,120,5.291331506037351,0.6614164382546689
11,3,11,17,88,136,4.77518112696445,0.5968976408705563
11,3,11,19,88,152,5.607069789255408,0.700883723656926
11,3,13,15,104,120,4.9290525513247285,0.6161315689155911
11,3,13,17,104,136,4.335839585379618,0.5419799481724522
11,3,13,19,104,152,5.995160341677046,0.7493950427096308
11,3,15,17,120,136,26.135504345934716,3.2669380432418396
11,4,3,5,48,80,15.456911410953731,0.9660569631846082
11,4,3,7,48,112,15.61748886587407,0.9760930541171293
11,4,3,11,48,176,14.569473240687117,0.9105920775429448
11,4,3,13,48,208,13.92331396970824,0.870207123106765
11,4,3,17,48,272,17.302909805472023,1.0814318628420014
11,4,3,19,48,304,13.427593322110134,0.8392245826318834
11,4,5,7,80,112,14.20962429506541,0.8881015184415881
11,4,5,9,80,144,14.154567280681,0.8846604550425625
11,4,5,11,80,176,13.356719479083974,0.8347949674427484
11,4,5,13,80,208,15.867904112362186,0.9917440070226367
11,4,5,17,80,272,30.763184647221404,1.9226990404513378
11,4,5,19,80,304,14.699374017563533,0.9187108760977208
11,4,7,9,112,144,24.5736290588465,1.5358518161779062
11,4,7,11,112,176,14.82720538574945,0.9267003366093406
11,4,7,13,112,208,15.65883891960391,0.9786774324752444
11,4,7,15,112,240,11.223449967967117,0.7014656229979448
11,4,7,17,112,272,11.161793845330152,0.6976121153331345
11,4,7,19,112,304,11.560205938594352,0.722512871162147
11,4,9,11,144,176,14.474999770407749,0.9046874856504843
11,4,9,13,144,208,17.45996326422232,1.091247704013895
11,4,9,17,144,272,11.156868009170056,0.6973042505731285
11,4,9,19,144,304,12.170126566633995,0.7606329104146247
11,4,11,13,176,208,15.751394279672953,0.9844621424795595
11,4,11,15,176,240,11.676151769377912,0.7297594855861195
11,4,11,17,176,272,13.36860719493948,0.8355379496837175
11,4,11,19,176,304,14.552129495928288,0.909508093495518
11,4,13,15,208,240,9.541153474506807,0.5963220921566754
11,4,13,17,208,272,7.141681584739526,0.4463550990462204
11,4,13,19,208,304,15.992497479109815,0.9995310924443634
11,4,15,17,240,272,82.07183624439857,5.1294897652749105
11,5,3,5,96,160,22.0780315953081,0.6899384873533781
11,5,3,7,96,224,26.880908399714365,0.8400283874910739
11,5,3,11,96,352,18.490670441489506,0.5778334512965471
11,5,3,13,96,416,15.453125152275376,0.4829101610086055
11,5,3,17,96,544,23.69373596046418,0.7404292487645057
11,5,3,19,96,608,16.82013578333471,0.5256292432292097
11,5,5,7,160,224,16.623016015504312,0.5194692504845098
11,5,5,9,160,288,15.962833581674381,0.4988385494273244
11,5,5,11,160,352,15.709363212979019,0.49091760040559435
11,5,5,13,160,416,15.576693376895973,0.48677166802799915
11,5,5,17,160,544,30.168760177587977,0.9427737555496243
11,5,5,19,160,608,18.30757305065469,0.572111657832959
11,5,7,9,224,288,68.95401091516118,2.154812841098787
11,5,7,11,224,352,19.205515589808275,0.6001723621815086
11,5,7,13,224,416,20.145210349759868,0.6295378234299959
11,5,7,15,224,480,20.061561886608807,0.6269238089565252
11,5,7,17,224,544,9.261436336929743,0.28941988552905445
11,5,7,19,224,608,19.1813070548181,0.5994158454630656
11,5,9,11,288,352,17.93966664429096,0.5606145826340925
11,5,9,13,288,416,13.617259299155947,0.42553935309862334
11,5,9,17,288,544,15.191227028241473,0.474725844632546
11,5,9,19,288,608,1.3479995774009284,0.04212498679377901
11,5,11,13,352,416,17.894246080119462,0.5591951900037332
11,5,11,15,352,480,17.61825181703974,0.5505703692824919
11,5,11,17,352,544,-0.04085107009720734,-0.0012765959405377295
11,5,11,19,352,608,34.05437887855761,1.0641993399549252
11,5,13,15,416,480,-0.5020980598971236,-0.015690564371785114
11,5,13,17,416,544,17.612156558450767,0.5503798924515865
11,5,13,19,416,608,48.017540612818436,1.5005481441505761
11,5,15,17,480,544,101.9998311731465,3.1874947241608282
11,6,3,5,192,320,67.12493339674553,1.048827084324149
11,6,3,7,192,448,60.05400958471264,0.938343899761135
11,6,3,11,192,704,40.28939525266937,0.6295218008229589
11,6,3,13,192,832,43.777088404425854,0.684017006319154
11,6,3,17,192,1088,55.636297648107345,0.8693171507516773
11,6,3,19,192,1216,24.399429337222912,0.381241083394108
11,6,5,7,320,448,36.3069754922781,0.5672964920668453
11,6,5,9,320,576,37.61860782150333,0.5877907472109896
11,6,5,11,320,704,31.990556119486683,0.49985243936697943
11,6,5,13,320,832,41.205428085232995,0.6438348138317656
11,6,5,17,320,1088,97.14272753007221,1.5178551176573782
11,6,5,19,320,1216,41.3234236563505,0.6456784946304766
11,6,7,9,448,576,145.05544568571287,2.2664913388392636
11,6,7,11,448,704,39.01546508881968,0.6096166420128075
11,6,7,13,448,832,32.78742533659896,0.5123035208843587
11,6,7,15,448,960,54.09202057068802,0.8451878214170003
11,6,7,17,448,1088,-0.00011585616492615358,-1.8102525769711497e-06
11,6,7,19,448,1216,-0.00015581493823257908,-2.434608409884048e-06
11,6,9,11,576,704,62.70343367863583,0.9797411512286849
11,6,9,13,576,832,52.69408828254616,0.8233451294147838
11,6,9,17,576,1088,-0.00017340362300855006,-2.7094316095085946e-06
11,6,9,19,576,1216,-0.00022243311537861743,-3.4755174277908973e-06
11,6,11,13,704,832,6.675561645725051,0.10430565071445393
11,6,11,15,704,960,-0.0001419001396052444,-2.2171896813319436e-06
11,6,11,17,704,1088,-0.00017166127359802275,-2.6822073999691054e-06
11,6,11,19,704,1216,72.79399742871075,1.1374062098236055
11,6,13,15,832,960,-0.000176051049078918,-2.7507976418580937e-06
11,6,13,17,832,1088,-0.00021335568065072863,-3.333682510167635e-06
11,6,13,19,832,1216,-0.00028665327730004186,-4.478957457813154e-06
11,6,15,17,960,1088,339.99959896323344,5.3124937338005225
12,0,3,5,3,5,1.0027998355852326,1.0027998355852326
12,0,3,7,3,7,1.0032296351132242,1.0032296351132242
12,0,3,11,3,11,0.9983038797949966,0.9983038797949966
12,0,3,13,3,13,0.998033965716926,0.998033965716926
12,0,3,17,3,17,0.9983620110599661,0.9983620110599661
12,0,3,19,3,19,0.9960748600081252,0.9960748600081252
12,0,5,7,5,7,0.997704627169552,0.997704627169552
12,0,5,9,5,9,1.0005031047633044,1.0005031047633044
12,0,5,11,5,11,0.9974904488387314,0.9974904488387314
12,0,5,13,5,13,1.0122991734725784,1.0122991734725784
12,0,5,17,5,17,1.0168724139596714,1.0168724139596714
12,0,5,19,5,19,0.993971081232144,0.993971081232144
12,0,7,9,7,9,1.0553161931171966,1.0553161931171966
12,0,7,11,7,11,0.997097379863192,0.997097379863192
12,0,7,13,7,13,1.0085079743952179,1.0085079743952179
12,0,7,15,7,15,0.9937313361067955,0.9937313361067955
12,0,7,17,7,17,0.987979496023618,0.987979496023618
12,0,7,19,7,19,0.9963499308425272,0.9963499308425272
12,0,9,11,9,11,0.9930948952800881,0.9930948952800881
12,0,9,13,9,13,1.0063751852062854,1.0063751852062854
12,0,9,17,9,17,0.9845911609496104,0.9845911609496104
12,0,9,19,9,19,0.9984842127886943,0.9984842127886943
12,0,11,13,11,13,0.9998868344732709,0.9998868344732709
12,0,11,15,11,15,0.9866967518562044,0.9866967518562044
12,0,11,17,11,17,0.9855087122261844,0.9855087122261844
12,0,11,19,11,19,0.995172456908099,0.995172456908099
12,0,13,15,13,15,0.9958272011740927,0.9958272011740927
12,0,13,17,13,17,0.9819657227602135,0.9819657227602135
12,0,13,19,13,19,1.0052105140497176,1.0052105140497176
12,0,15,17,15,17,1.1132219671873294,1.1132219671873294
12,1,3,5,6,10,1.4594198568607042,0.7297099284303521
12,1,3,7,6,14,1.4674980570280802,0.7337490285140401
12,1,3,11,6,22,1.45374137338882,0.72687068669441
12,1,3,13,6,26,1.4453970308601978,0.7226985154300989
12,1,3,17,6,34,1.4548168932740984,0.7274084466370492
12,1,3,19,6,38,1.4418664007874793,0.7209332003937396
12,1,5,7,10,14,1.4469360620633853,0.7234680310316927
12,1,5,9,10,18,1.4457703464099845,0.7228851732049922
12,1,5,11,10,22,1.4445959626116998,0.7222979813058499
12,1,5,13,10,26,1.482139232348034,0.741069616174017
12,1,5,17,10,34,1.5083541874667215,0.7541770937333607
12,1,5,19,10,38,1.4316700088215342,0.7158350044107671
12,1,7,9,14,18,1.591471840396452,0.795735920198226
12,1,7,11,14,22,1.4461999614204593,0.7230999807102296
12,1,7,13,14,26,1.456097875722345,0.7280489378611725
12,1,7,15,14,30,1.4275007590410387,0.7137503795205193
12,1,7,17,14,34,1.4238187928375592,0.7119093964187796
12,1,7,19,14,38,1.4414090895250384,0.7207045447625192
12,1,9,11,18,22,1.4333350416468724,0.7166675208234362
12,1,9,13,18,26,1.4574461604774211,0.7287230802387106
12,1,9,17,18,34,1.4102304273025625,0.7051152136512813
12,1,9,19,18,38,1.4547270118092799,0.7273635059046399
12,1,11,13,22,26,1.462570908773094,0.731285454386547
12,1,11,15,22,30,1.4173110122989332,0.7086555061494666
12,1,11,17,22,34,1.4259089488236667,0.7129544744118333
12,1,11,19,22,38,1.4420467329143536,0.7210233664571768
12,1,13,15,26,30,1.4145286052412915,0.7072643026206458
12,1,13,17,26,34,1.4168349978656025,0.7084174989328013
12,1,13,19,26,38,1.4570292871589205,0.7285146435794603
12,1,15,17,30,34,1.8576262666378625,0.9288131333189312
12,2,3,5,12,20,3.8537584931473208,0.9634396232868302
12,2,3,7,12,28,3.87567392268142,0.968918480670355
12,2,3,11,12,44,3.8257735491971694,0.9564433872992923
12,2,3,13,12,52,3.789781376490537,0.9474453441226343
12,2,3,17,12,68,3.852966390782083,0.9632415976955208
12,2,3,19,12,76,3.7623310151445373,0.9405827537861343
12,2,5,7,20,28,3.813409797511235,0.9533524493778087
12,2,5,9,20,36,3.8169023878553396,0.9542255969638349
12,2,5,11,20,44,3.80903767719846,0.952259419299615
12,2,5,13,20,52,3.9151457017153737,0.9787864254288434
12,2,5,17,20,68,4.205097198142013,1.0512742995355033
12,2,5,19,20,76,3.7265049339299363,0.9316262334824841
12,2,7,9,28,36,4.21420571152425,1.0535514278810625
12,2,7,11,28,44,3.8498272343548043,0.9624568085887011
12,2,7,13,28,52,3.86752110171547,0.9668802754288675
12,2,7,15,28,60,3.7236376587273528,0.9309094146818382
12,2,7,17,28,68,3.70825406978935,0.9270635174473375
12,2,7,19,28,76,3.760025428616224,0.940006357154056
12,2,9,11,36,44,3.766825947825636,0.941706486956409
12,2,9,13,36,52,3.9334587229213116,0.9833646807303279
12,2,9,17,36,68,3.6346175345160217,0.9086543836290054
12,2,9,19,36,76,3.740997753923636,0.935249438480909
12,2,11,13,44,52,3.885236304296024,0.971309076074006
12,2,11,15,44,60,3.720574893179458,0.9301437232948645
12,2,11,17,44,68,3.8293443797785214,0.9573360949446303
12,2,11,19,44,76,3.764672325525016,0.941168081381254
12,2,13,15,52,60,3.6817434377133895,0.9204358594283474
12,2,13,17,52,68,3.672323209330577,0.9180808023326442
12,2,13,19,52,76,3.920708552475354,0.9801771381188386
12,2,15,17,60,68,5.367073995848649,1.3417684989621623
12,3,3,5,24,40,5.8445961363523145,0.7305745170440393
12,3,3,7,24,56,5.931066054213355,0.7413832567766694
12,3,3,11,24,88,5.633807577915929,0.7042259472394912
12,3,3,13,24,104,5.568404947937188,0.6960506184921486
12,3,3,17,24,136,5.854691795091987,0.7318364743864983
12,3,3,19,24,152,5.429455875874368,0.678681984484296
12,3,5,7,40,56,5.608783274931493,0.7010979093664367
12,3,5,9,40,72,5.684960098722956,0.7106200123403695
12,3,5,11,40,88,5.566079976786042,0.6957599970982552
12,3,5,13,40,104,6.111057533101424,0.763882191637678
12,3,5,17,40,136,7.748332825431212,0.9685416031789015
12,3,5,19,40,152,5.481257486297228,0.6851571857871535
12,3,7,9,56,72,6.557102159421962,0.8196377699277453
12,3,7,11,56,88,5.651588903533973,0.7064486129417467
12,3,7,13,56,104,5.724532379938506,0.7155665474923133
12,3,7,15,56,120,5.301022989252006,0.6626278736565008
12,3,7,17,56,136,5.127702298051771,0.6409627872564714
12,3,7,19,56,152,5.302878709747587,0.6628598387184483
12,3,9,11,72,88,5.4955599530778425,0.6869449941347303
12,3,9,13,72,104,6.070373509771151,0.7587966887213938
12,3,9,17,72,136,5.170457652291938,0.6463072065364922
12,3,9,19,72,152,5.366280135117293,0.6707850168896616
12,3,11,13,88,104,5.7631300373777385,0.7203912546722173
12,3,11,15,88,120,5.443293681050532,0.6804117101313165
12,3,11,17,88,136,5.217859423661848,0.652232427957731
12,3,11,19,88,152,5.682347276455738,0.7102934095569673
12,3,13,15,104,120,5.148126231949959,0.6435157789937449
12,3,13,17,104,136,5.207039057261212,0.6508798821576515
12,3,13,19,104,152,5.398317699546649,0.6747897124433311
12,3,15,17,120,136,15.631422229125452,1.9539277786406815
12,4,3,5,48,80,15.494143119768042,0.9683839449855026
12,4,3,7,48,112,15.484415494613373,0.9677759684133358
12,4,3,11,48,176,15.06123055257893,0.9413269095361831
12,4,3,13,48,208,14.53230335737404,0.9082689598358775
12,4,3,17,48,272,15.897222753004,0.99357642206275
12,4,3,19,48,304,14.439934900419406,0.9024959312762129
12,4,5,7,80,112,14.50043456992039,0.9062771606200244
12,4,5,9,80,144,15.138833259903238,0.9461770787439524
12,4,5,11,80,176,14.727528415833154,0.9204705259895721
12,4,5,13,80,208,16.74802983500123,1.0467518646875769
12,4,5,17,80,272,24.16173662804578,1.5101085392528613
12,4,5,19,80,304,15.31132976027647,0.9569581100172794
12,4,7,9,112,144,17.783837261058792,1.1114898288161745
12,4,7,11,112,176,14.947862146036528,0.934241384127283
12,4,7,13,112,208,15.006928832985428,0.9379330520615893
12,4,7,15,112,240,12.81819856084618,0.8011374100528863
12,4,7,17,112,272,12.487863608872598,0.7804914755545374
12,4,7,19,112,304,14.051357913009502,0.8782098695630939
12,4,9,11,144,176,14.949938513303621,0.9343711570814763
12,4,9,13,144,208,17.840321400540393,1.1150200875337746
12,4,9,17,144,272,12.944277568779702,0.8090173480487314
12,4,9,19,144,304,13.950190345723621,0.8718868966077263
12,4,11,13,176,208,14.935260655950971,0.9334537909969357
12,4,11,15,176,240,13.877443759954097,0.8673402349971311
12,4,11,17,176,272,13.507650505452343,0.8442281565907714
12,4,11,19,176,304,14.537636697162851,0.9086022935726782
12,4,13,15,208,240,12.094361480088493,0.7558975925055308
12,4,13,17,208,272,11.679615964968969,0.7299759978105606
12,4,13,19,208,304,14.800126060967633,0.9250078788104771
12,4,15,17,240,272,59.86074301945265,3.7412964387157905
12,5,3,5,96,160,22.202422789016868,0.6938257121567771
12,5,3,7,96,224,24.301289984179437,0.7594153120056074
12,5,3,11,96,352,20.929607695657186,0.6540502404892871
12,5,3,13,96,416,18.66079317732719,0.5831497867914747
12,5,3,17,96,544,20.350856654833766,0.6359642704635552
12,5,3,19,96,608,18.433450843061333,0.5760453388456667
12,5,5,7,160,224,19.638115085686433,0.613691096427701
12,5,5,9,160,288,19.659981856493516,0.6143744330154224
12,5,5,11,160,352,21.121642314381766,0.6600513223244302
12,5,5,13,160,416,22.786762271506404,0.7120863209845751
12,5,5,17,160,544,29.965838774567604,0.9364324617052376
12,5,5,19,160,608,24.957388207483085,0.7799183814838464
12,5,7,9,224,288,35.50828902126008,1.1096340319143776
12,5,7,11,224,352,20.86520707068162,0.6520377209588006
12,5,7,13,224,416,17.120398786747025,0.5350124620858445
12,5,7,15,224,480,20.121583415078813,0.6287994817212129
12,5,7,17,224,544,14.525611388653973,0.45392535589543664
12,5,7,19,224,608,18.568914408802573,0.5802785752750804
12,5,9,11,288,352,21.573227965637205,0.6741633739261627
12,5,9,13,288,416,19.373899527946808,0.6054343602483377
12,5,9,17,288,544,20.447764461596197,0.6389926394248812
12,5,9,19,288,608,14.846143690090978,0.46394199031534306
12,5,11,13,352,416,20.560362477122148,0.6425113274100671
12,5,11,15,352,480,16.54207486502409,0.5169398395320028
12,5,11,17,352,544,12.672419951059414,0.3960131234706067
12,5,11,19,352,608,19.821396453320073,0.6194186391662523
12,5,13,15,416,480,15.471845245133323,0.48349516391041636
12,5,13,17,416,544,16.640683527468287,0.520021360233384
12,5,13,19,416,608,18.62781632519442,0.5821192601623256
12,5,15,17,480,544,79.5620390876906,2.486313721490331
12,6,3,5,192,320,60.39292593014193,0.9436394676584676
12,6,3,7,192,448,66.78098420457222,1.043452878196441
12,6,3,11,192,704,53.408870229163206,0.8345135973306751
12,6,3,13,192,832,45.11796877296306,0.7049682620775478
12,6,3,17,192,1088,52.02857586593666,0.8129464979052603
12,6,3,19,192,1216,49.55817776518944,0.774346527581085
12,6,5,7,320,448,45.66199323545347,0.7134686443039605
12,6,5,9,320,576,45.64931770957051,0.7132705892120392
12,6,5,11,320,704,56.38206548005413,0.8809697731258458
12,6,5,13,320,832,44.81742291354617,0.7002722330241589
12,6,5,17,320,1088,75.19636492548926,1.1749432019607697
12,6,5,19,320,1216,74.67072742099575,1.1667301159530585
12,6,7,9,448,576,139.84882246241932,2.185137850975302
12,6,7,11,448,704,35.440589939689474,0.553759217807648
12,6,7,13,448,832,41.18563851342118,0.643525601772206
12,6,7,15,448,960,57.76968318697243,0.9026512997964442
12,6,7,17,448,1088,25.747336692818966,0.40230213582529634
12,6,7,19,448,1216,42.14438975096974,0.6585060898589021
12,6,9,11,576,704,34.36391505964515,0.5369361728069555
12,6,9,13,576,832,63.77652626274943,0.9965082228554598
12,6,9,17,576,1088,42.25230174008789,0.6601922146888732
12,6,9,19,576,1216,53.73180233493552,0.8395594114833675
12,6,11,13,704,832,44.644950670544205,0.6975773542272532
12,6,11,15,704,960,38.20872442954975,0.5970113192117148
12,6,11,17,704,1088,33.05199823178201,0.5164374723715939
12,6,11,19,704,1216,47.68440233164907,0.7450687864320167
12,6,13,15,832,960,50.05444594945252,0.7821007179601956
12,6,13,17,832,1088,17.326316091602884,0.27072368893129506
12,6,13,19,832,1216,41.08260898922317,0.641915765456612
12,6,15,17,960,1088,213.22525468522187,3.3316446044565917
13,0,3,5,3,5,1.0016917133080332,1.0016917133080332
13,0,3,7,3,7,1.0011357687264695,1.0011357687264695
13,0,3,11,3,11,0.9987010435743097,0.9987010435743097
13,0,3,13,3,13,0.9991996569909147,0.9991996569909147
13,0,3,17,3,17,1.0003918593391228,1.0003918593391228
13,0,3,19,3,19,0.9986862182710329,0.9986862182710329
13,0,5,7,5,7,0.9982740998683984,0.9982740998683984
13,0,5,9,5,9,1.0000471839747487,1.0000471839747487
13,0,5,11,5,11,0.9981335024943293,0.9981335024943293
13,0,5,13,5,13,1.005334671919739,1.005334671919739
13,0,5,17,5,17,1.0165113242461286,1.0165113242461286
13,0,5,19,5,19,0.9962707965680309,0.9962707965680309
13,0,7,9,7,9,1.048259816593531,1.048259816593531
13,0,7,11,7,11,0.9972641247294932,0.9972641247294932
13,0,7,13,7,13,1.006173096803929,1.006173096803929
13,0,7,15,7,15,0.9959888036532114,0.9959888036532114
13,0,7,17,7,17,0.9936817519986282,0.9936817519986282
13,0,7,19,7,19,0.9991814711146039,0.9991814711146039
13,0,9,11,9,11,0.9952990690769277,0.9952990690769277
13,0,9,13,9,13,1.0026240401331568,1.0026240401331568
13,0,9,17,9,17,0.9939371583705544,0.9939371583705544
13,0,9,19,9,19,0.9980232486836793,0.9980232486836793
13,0,11,13,11,13,0.9950931662087555,0.9950931662087555
13,0,11,15,11,15,0.9912085345702816,0.9912085345702816
13,0,11,17,11,17,0.9898427980204751,0.9898427980204751
13,0,11,19,11,19,0.9983573198881177,0.9983573198881177
13,0,13,15,13,15,0.9975335863567196,0.9975335863567196
13,0,13,17,13,17,0.9945601149743957,0.9945601149743957
13,0,13,19,13,19,0.9994753914363266,0.9994753914363266
13,0,15,17,15,17,1.1158861410306429,1.1158861410306429
13,1,3,5,6,10,1.4658722756376248,0.7329361378188124
13,1,3,7,6,14,1.4665378033464296,0.7332689016732148
13,1,3,11,6,22,1.4568353518189017,0.7284176759094508
13,1,3,13,6,26,1.455570407948898,0.727785203974449
13,1,3,17,6,34,1.4587016018242307,0.7293508009121153
13,1,3,19,6,38,1.4518469314878233,0.7259234657439116
13,1,5,7,10,14,1.454292257275999,0.7271461286379995
13,1,5,9,10,18,1.4589282525283667,0.7294641262641833
13,1,5,11,10,22,1.452699664396475,0.7263498321982375
13,1,5,13,10,26,1.4804855749398131,0.7402427874699066
13,1,5,17,10,34,1.4952854358899776,0.7476427179449888
13,1,5,19,10,38,1.4440201035080205,0.7220100517540102
13,1,7,9,14,18,1.6044164428863412,0.8022082214431706
13,1,7,11,14,22,1.4512453078542258,0.7256226539271129
13,1,7,13,14,26,1.471462914570519,0.7357314572852595
13,1,7,15,14,30,1.4456481255053668,0.7228240627526834
13,1,7,17,14,34,1.4324788876437118,0.7162394438218559
13,1,7,19,14,38,1.462366030387327,0.7311830151936635
13,1,9,11,18,22,1.4443544418662049,0.7221772209331024
13,1,9,13,18,26,1.4629797818692525,0.7314898909346262
13,1,9,17,18,34,1.4330004701706298,0.7165002350853149
13,1,9,19,18,38,1.4579192602247877,0.7289596301123938
13,1,11,13,22,26,1.459975142449515,0.7299875712247575
13,1,11,15,22,30,1.4292702830236108,0.7146351415118054
13,1,11,17,22,34,1.426808513938973,0.7134042569694865
13,1,11,19,22,38,1.4491056390190176,0.7245528195095088
13,1,13,15,26,30,1.4485925703106497,0.7242962851553248
13,1,13,17,26,34,1.4360688149836223,0.7180344074918111
13,1,13,19,26,38,1.4556282712787796,0.7278141356393898
13,1,15,17,30,34,1.7525310252832262,0.8762655126416131
13,2,3,5,12,20,3.85922860279994,0.964807150699985
13,2,3,7,12,28,3.852344991316983,0.9630862478292458
13,2,3,11,12,44,3.831557350230371,0.9578893375575928
13,2,3,13,12,52,3.8210416827998137,0.9552604206999534
13,2,3,17,12,68,3.845151218723548,0.961287804680887
13,2,3,19,12,76,3.807086269928366,0.9517715674820915
13,2,5,7,20,28,3.815685426179978,0.9539213565449945
13,2,5,9,20,36,3.832950645061395,0.9582376612653487
13,2,5,11,20,44,3.8191439084268186,0.9547859771067047
13,2,5,13,20,52,3.8872961103499897,0.9718240275874974
13,2,5,17,20,68,4.012704021332508,1.003176005333127
13,2,5,19,20,76,3.783637540178587,0.9459093850446467
13,2,7,9,28,36,4.250158180820185,1.0625395452050463
13,2,7,11,28,44,3.8178396766810487,0.9544599191702622
13,2,7,13,28,52,3.899091007802365,0.9747727519505912
13,2,7,15,28,60,3.7637901182563773,0.9409475295640943
13,2,7,17,28,68,3.748403069092828,0.937100767273207
13,2,7,19,28,76,3.826416948981547,0.9566042372453868
13,2,9,11,36,44,3.7878058110132837,0.9469514527533209
13,2,9,13,36,52,3.8625645121327943,0.9656411280331986
13,2,9,17,36,68,3.7374491242461403,0.9343622810615351
13,2,9,19,36,76,3.7956324168587496,0.9489081042146874
13,2,11,13,44,52,3.8117061884298566,0.9529265471074642
13,2,11,15,44,60,3.7173094654248593,0.9293273663562148
13,2,11,17,44,68,3.731566834121173,0.9328917085302932
13,2,11,19,44,76,3.8389057877118,0.95972644692795
13,2,13,15,52,60,3.7565465726172986,0.9391366431543247
13,2,13,17,52,68,3.74259675599723,0.9356491889993075
13,2,13,19,52,76,3.8712964045186213,0.9678241011296553
13,2,15,17,60,68,4.777969089679592,1.194492272419898
13,3,3,5,24,40,5.7957613883993915,0.7244701735499239
13,3,3,7,24,56,5.824942282575233,0.7281177853219041
13,3,3,11,24,88,5.710439181605496,0.713804897700687
13,3,3,13,24,104,5.655976020786025,0.7069970025982532
13,3,3,17,24,136,5.80654643886773,0.7258183048584662
13,3,3,19,24,152,5.610721106431132,0.7013401383038915
13,3,5,7,40,56,5.680765438067245,0.7100956797584056
13,3,5,9,40,72,5.685509217059233,0.7106886521324042
13,3,5,11,40,88,5.622119669688051,0.7027649587110064
13,3,5,13,40,104,5.909061131540118,0.7386326414425147
13,3,5,17,40,136,6.253911079736576,0.781738884967072
13,3,5,19,40,152,5.539860779166508,0.6924825973958135
13,3,7,9,56,72,6.957397546506921,0.8696746933133651
13,3,7,11,56,88,5.658627875086776,0.707328484385847
13,3,7,13,56,104,5.785579061584947,0.7231973826981184
13,3,7,15,56,120,5.514728422526203,0.6893410528157754
13,3,7,17,56,136,5.4292051901682,0.678650648771025
13,3,7,19,56,152,5.766317911519681,0.7207897389399601
13,3,9,11,72,88,5.550413085416714,0.6938016356770893
13,3,9,13,72,104,5.689024200140698,0.7111280250175872
13,3,9,17,72,136,5.410333420804909,0.6762916776006136
13,3,9,19,72,152,5.5592474806701375,0.6949059350837672
13,3,11,13,88,104,5.73001601759166,0.7162520021989575
13,3,11,15,88,120,5.405370266347559,0.6756712832934448
13,3,11,17,88,136,5.462346428534624,0.682793303566828
13,3,11,19,88,152,5.710427288228887,0.7138034110286109
13,3,13,15,104,120,5.485479049936581,0.6856848812420726
13,3,13,17,104,136,5.498593382720983,0.6873241728401229
13,3,13,19,104,152,5.813465064785323,0.7266831330981653
13,3,15,17,120,136,10.083505746845379,1.2604382183556724
13,4,3,5,48,80,15.33777715856691,0.9586110724104319
13,4,3,7,48,112,15.382798495898655,0.9614249059936659
13,4,3,11,48,176,14.898555967850587,0.9311597479906617
13,4,3,13,48,208,14.959960439140788,0.9349975274462993
13,4,3,17,48,272,15.548209894947746,0.9717631184342341
13,4,3,19,48,304,14.521510856868847,0.907594428554303
13,4,5,7,80,112,15.094299726688723,0.9433937329180452
13,4,5,9,80,144,15.108937704294163,0.9443086065183852
13,4,5,11,80,176,14.702181729663852,0.9188863581039908
13,4,5,13,80,208,16.006453090440203,1.0004033181525127
13,4,5,17,80,272,18.686018166878075,1.1678761354298797
13,4,5,19,80,304,14.42486569460328,0.901554105912705
13,4,7,9,112,144,18.72900326279315,1.1705627039245718
13,4,7,11,112,176,14.954541661605116,0.9346588538503198
13,4,7,13,112,208,16.371371109236026,1.0232106943272516
13,4,7,15,112,240,14.357731001076184,0.8973581875672615
13,4,7,17,112,272,14.109129013999041,0.8818205633749401
13,4,7,19,112,304,15.042818193263948,0.9401761370789967
13,4,9,11,144,176,14.428480759404334,0.9017800474627709
13,4,9,13,144,208,16.0279455478363,1.0017465967397687
13,4,9,17,144,272,13.87188371295552,0.86699273205972
13,4,9,19,144,304,13.8314967592067,0.8644685474504188
13,4,11,13,176,208,15.363213524048165,0.9602008452530103
13,4,11,15,176,240,14.006925279754967,0.8754328299846854
13,4,11,17,176,272,14.840599156064382,0.9275374472540239
13,4,11,19,176,304,15.450031241250713,0.9656269525781696
13,4,13,15,208,240,14.52655441416757,0.9079096508854732
13,4,13,17,208,272,14.529464365084849,0.908091522817803
13,4,13,19,208,304,16.015595971735692,1.0009747482334808
13,4,15,17,240,272,31.04695243769744,1.94043452735609
13,5,3,5,96,160,23.68680895413722,0.7402127798167881
13,5,3,7,96,224,23.4219300878586,0.7319353152455812
13,5,3,11,96,352,22.385529016665874,0.6995477817708086
13,5,3,13,96,416,21.50349436603641,0.6719841989386378
13,5,3,17,96,544,25.456698295118393,0.7955218217224498
13,5,3,19,96,608,21.751730088199608,0.6797415652562377
13,5,5,7,160,224,21.790400047436304,0.6809500014823845
13,5,5,9,160,288,22.116589600507346,0.6911434250158546
13,5,5,11,160,352,21.584538710098915,0.6745168346905911
13,5,5,13,160,416,25.035593151461917,0.7823622859831849
13,5,5,17,160,544,41.31123268207728,1.290976021314915
13,5,5,19,160,608,21.81092809022655,0.6815915028195797
13,5,7,9,224,288,32.14672246107879,1.0045850769087121
13,5,7,11,224,352,22.255659031752966,0.6954893447422802
13,5,7,13,224,416,23.19990253487278,0.7249969542147744
13,5,7,15,224,480,19.04892706114839,0.5952789706608872
13,5,7,17,224,544,18.178480844335517,0.5680775263854849
13,5,7,19,224,608,20.39819408407505,0.6374435651273453
13,5,9,11,288,352,21.090609323189938,0.6590815413496856
13,5,9,13,288,416,24.05356456527606,0.7516738926648768
13,5,9,17,288,544,19.911074972895882,0.6222210929029963
13,5,9,19,288,608,20.38223520283922,0.6369448500887256
13,5,11,13,352,416,24.626236884977484,0.7695699026555464
13,5,11,15,352,480,21.011809827834348,0.6566190571198234
13,5,11,17,352,544,19.043655470480992,0.595114233452531
13,5,11,19,352,608,22.28890280908104,0.6965282127837825
13,5,13,15,416,480,19.58025955403634,0.6118831110636356
13,5,13,17,416,544,17.30810543835694,0.5408782949486544
13,5,13,19,416,608,23.93360798978077,0.7479252496806491
13,5,15,17,480,544,104.52212609375559,3.266316440429862
13,6,3,5,192,320,61.61272263530273,0.9626987911766052
13,6,3,7,192,448,62.282570627751,0.9731651660586094
13,6,3,11,192,704,58.11870844315021,0.908104819424222
13,6,3,13,192,832,55.456879529882514,0.8665137426544143
13,6,3,17,192,1088,68.90493684634741,1.0766396382241783
13,6,3,19,192,1216,53.53280135567999,0.8364500211824999
13,6,5,7,320,448,56.62784275863299,0.8848100431036404
13,6,5,9,320,576,56.35389620017529,0.8805296281277389
13,6,5,11,320,704,53.217283132066726,0.8315200489385426
13,6,5,13,320,832,63.21106570900249,0.9876729017031639
13,6,5,17,320,1088,122.5873195441725,1.9154268678776953
13,6,5,19,320,1216,58.5425241595926,0.9147269399936344
13,6,7,9,448,576,98.19306595773575,1.5342666555896212
13,6,7,11,448,704,59.171492632707704,0.9245545723860579
13,6,7,13,448,832,62.314724888940376,0.9736675763896934
13,6,7,15,448,960,44.69722134233653,0.6983940834740083
13,6,7,17,448,1088,44.277562921497406,0.691836920648397
13,6,7,19,448,1216,46.011032692951524,0.7189223858273676
13,6,9,11,576,704,57.698731914228944,0.9015426861598272
13,6,9,13,576,832,69.40280751461802,1.0844188674159065
13,6,9,17,576,1088,44.28787696367345,0.6919980775573976
13,6,9,19,576,1216,48.352348967001234,0.7555054526093943
13,6,11,13,704,832,62.9006006769924,0.9828218855780062
13,6,11,15,704,960,46.39091497865682,0.7248580465415128
13,6,11,17,704,1088,53.173391090371176,0.8308342357870496
13,6,11,19,704,1216,57.8381653197775,0.9037213331215235
13,6,13,15,832,960,37.84208642223401,0.5912826003474064
13,6,13,17,832,1088,28.280176072631807,0.441877751134872
13,6,13,19,832,1216,63.45941492617104,0.9915533582214225
13,6,15,17,960,1088,328.45589256252066,5.132123321289385
14,0,3,5,3,5,1.0006143012367814,1.0006143012367814
14,0,3,7,3,7,1.0008390466051413,1.0008390466051413
14,0,3,11,3,11,0.99966234027898,0.99966234027898
14,0,3,13,3,13,0.9994662458435812,0.9994662458435812
14,0,3,17,3,17,1.0001332014798605,1.0001332014798605
14,0,3,19,3,19,0.9992782506769997,0.9992782506769997
14,0,5,7,5,7,0.9989614030317242,0.9989614030317242
14,0,5,9,5,9,0.9998151206105765,0.9998151206105765
14,0,5,11,5,11,0.9991076683221195,0.9991076683221195
14,0,5,13,5,13,1.0028436954246407,1.0028436954246407
14,0,5,17,5,17,1.008513676744084,1.008513676744084
14,0,5,19,5,19,0.9977816592189638,0.9977816592189638
14,0,7,9,7,9,1.0205364759375473,1.0205364759375473
14,0,7,11,7,11,0.9988084718491456,0.9988084718491456
14,0,7,13,7,13,1.0024515233206526,1.0024515233206526
14,0,7,15,7,15,0.9980974484021988,0.9980974484021988
14,0,7,17,7,17,0.99706592629977,0.99706592629977
14,0,7,19,7,19,0.9996313595522955,0.9996313595522955
14,0,9,11,9,11,0.9975716004450175,0.9975716004450175
14,0,9,13,9,13,1.0012182061572092,1.0012182061572092
14,0,9,17,9,17,0.9963961642464989,0.9963961642464989
14,0,9,19,9,19,0.9991061693359833,0.9991061693359833
14,0,11,13,11,13,0.9974349076942305,0.9974349076942305
14,0,11,15,11,15,0.9957848526328873,0.9957848526328873
14,0,11,17,11,17,0.9953941253582583,0.9953941253582583
14,0,11,19,11,19,0.9984272726999817,0.9984272726999817
14,0,13,15,13,15,0.9985396951122176,0.9985396951122176
14,0,13,17,13,17,0.9960624292188942,0.9960624292188942
14,0,13,19,13,19,0.9997901367422548,0.9997901367422548
14,0,15,17,15,17,1.0710122641248163,1.0710122641248163
14,1,3,5,6,10,1.4639092192529837,0.7319546096264918
14,1,3,7,6,14,1.46454733390707,0.732273666953535
14,1,3,11,6,22,1.4582019687535779,0.7291009843767889
14,1,3,13,6,26,1.4581798429144752,0.7290899214572376
14,1,3,17,6,34,1.457535377367971,0.7287676886839854
14,1,3,19,6,38,1.4579270458416935,0.7289635229208468
14,1,5,7,10,14,1.457507734197368,0.728753867098684
14,1,5,9,10,18,1.4607723477744228,0.7303861738872114
14,1,5,11,10,22,1.4559997740524748,0.7279998870262374
14,1,5,13,10,26,1.4726101808598127,0.7363050904299063
14,1,5,17,10,34,1.4710614379337343,0.7355307189668672
14,1,5,19,10,38,1.4533711213524019,0.7266855606762009
14,1,7,9,14,18,1.5247993844394174,0.7623996922197087
14,1,7,11,14,22,1.4554739802003012,0.7277369901001506
14,1,7,13,14,26,1.4649125295335252,0.7324562647667626
14,1,7,15,14,30,1.4543919749087462,0.7271959874543731
14,1,7,17,14,34,1.4470068665358962,0.7235034332679481
14,1,7,19,14,38,1.4602354651531815,0.7301177325765907
14,1,9,11,18,22,1.451138418204929,0.7255692091024645
14,1,9,13,18,26,1.4626827121928685,0.7313413560964342
14,1,9,17,18,34,1.4434885311404007,0.7217442655702003
14,1,9,19,18,38,1.4671089473586236,0.7335544736793118
14,1,11,13,22,26,1.458785124760336,0.729392562380168
14,1,11,15,22,30,1.4453298702394617,0.7226649351197308
14,1,11,17,22,34,1.4438133691404873,0.7219066845702437
14,1,11,19,22,38,1.4508397329608953,0.7254198664804477
14,1,13,15,26,30,1.4553075591059297,0.7276537795529648
14,1,13,17,26,34,1.4418262751937918,0.7209131375968959
14,1,13,19,26,38,1.4596755895985671,0.7298377947992836
14,1,15,17,30,34,1.6233889032368192,0.8116944516184096
14,2,3,5,12,20,3.8535712719054316,0.9633928179763579
14,2,3,7,12,28,3.8576203185241678,0.9644050796310419
14,2,3,11,12,44,3.8374640286265524,0.9593660071566381
14,2,3,13,12,52,3.8355298447349915,0.9588824611837479
14,2,3,17,12,68,3.8372697567143863,0.9593174391785966
14,2,3,19,12,76,3.828443595614967,0.9571108989037418
14,2,5,7,20,28,3.833813191833512,0.958453297958378
14,2,5,9,20,36,3.8430845897135377,0.9607711474283844
14,2,5,11,20,44,3.832297294191717,0.9580743235479292
14,2,5,13,20,52,3.8877006311476747,0.9719251577869187
14,2,5,17,20,68,3.9076602391807835,0.9769150597951959
14,2,5,19,20,76,3.8203942830082025,0.9550985707520506
14,2,7,9,28,36,4.0651025320582015,1.0162756330145504
14,2,7,11,28,44,3.832785080181174,0.9581962700452935
14,2,7,13,28,52,3.875211983996312,0.968802995999078
14,2,7,15,28,60,3.8188764235396686,0.9547191058849172
14,2,7,17,28,68,3.794393943072753,0.9485984857681883
14,2,7,19,28,76,3.8297673452000414,0.9574418363000103
14,2,9,11,36,44,3.8162523932733965,0.9540630983183491
14,2,9,13,36,52,3.8677955322739184,0.9669488830684796
14,2,9,17,36,68,3.783058791917546,0.9457646979793864
14,2,9,19,36,76,3.8352890286360903,0.9588222571590226
14,2,11,13,44,52,3.8337300971930772,0.9584325242982693
14,2,11,15,44,60,3.789282273798313,0.9473205684495782
14,2,11,17,44,68,3.7839618944671303,0.9459904736167826
14,2,11,19,44,76,3.823485839381118,0.9558714598452795
14,2,13,15,52,60,3.8233890080412687,0.9558472520103172
14,2,13,17,52,68,3.7735824256806105,0.9433956064201526
14,2,13,19,52,76,3.8702157448488688,0.9675539362122172
14,2,15,17,60,68,4.309623880787755,1.0774059701969387
14,3,3,5,24,40,5.770351138907125,0.7212938923633906
14,3,3,7,24,56,5.803806851794921,0.7254758564743651
14,3,3,11,24,88,5.747378165202265,0.7184222706502831
14,3,3,13,24,104,5.716109830037264,0.714513728754658
14,3,3,17,24,136,5.754651687808457,0.7193314609760572
14,3,3,19,24,152,5.698514718679903,0.7123143398349878
14,3,5,7,40,56,5.7209806881153416,0.7151225860144177
14,3,5,9,40,72,5.715515680975449,0.7144394601219312
14,3,5,11,40,88,5.710886430677514,0.7138608038346892
14,3,5,13,40,104,5.857961112006012,0.7322451390007515
14,3,5,17,40,136,5.966237623559153,0.7457797029448942
14,3,5,19,40,152,5.658936587802816,0.707367073475352
14,3,7,9,56,72,6.293082447628486,0.7866353059535608
14,3,7,11,56,88,5.7195179997139345,0.7149397499642418
14,3,7,13,56,104,5.759089389123623,0.7198861736404528
14,3,7,15,56,120,5.643020763447359,0.7053775954309198
14,3,7,17,56,136,5.629231157846541,0.7036538947308176
14,3,7,19,56,152,5.696207896981539,0.7120259871226924
14,3,9,11,72,88,5.6662854850890625,0.7082856856361328
14,3,9,13,72,104,5.765470470896586,0.7206838088620733
14,3,9,17,72,136,5.576338101651109,0.6970422627063886
14,3,9,19,72,152,5.743879429039399,0.7179849286299249
14,3,11,13,88,104,5.7748943520366085,0.7218617940045761
14,3,11,15,88,120,5.600593001538915,0.7000741251923643
14,3,11,17,88,136,5.63560356972781,0.7044504462159763
14,3,11,19,88,152,5.699394237092665,0.7124242796365832
14,3,13,15,104,120,5.589816377456488,0.698727047182061
14,3,13,17,104,136,5.605876348056267,0.7007345435070333
14,3,13,19,104,152,5.770364052028526,0.7212955065035658
14,3,15,17,120,136,7.377148743014928,0.922143592876866
14,4,3,5,48,80,15.235789540905449,0.9522368463065906
14,4,3,7,48,112,15.32392577319055,0.9577453608244094
14,4,3,11,48,176,15.121531259569258,0.9450957037230786
14,4,3,13,48,208,14.976151732696932,0.9360094832935583
14,4,3,17,48,272,15.227333474392216,0.9517083421495135
14,4,3,19,48,304,14.86763942513211,0.9292274640707568
14,4,5,7,80,112,15.07254511003906,0.9420340693774413
14,4,5,9,80,144,15.085271058816307,0.9428294411760192
14,4,5,11,80,176,15.051588324809412,0.9407242703005883
14,4,5,13,80,208,15.475340419537934,0.9672087762211209
14,4,5,17,80,272,16.625904058130494,1.039119003633156
14,4,5,19,80,304,14.727949192596455,0.9204968245372784
14,4,7,9,112,144,16.665145541390512,1.041571596336907
14,4,7,11,112,176,15.219500231374571,0.9512187644609107
14,4,7,13,112,208,15.283834395292555,0.9552396497057847
14,4,7,15,112,240,14.715355494321217,0.9197097183950761
14,4,7,17,112,272,14.639267465341083,0.9149542165838177
14,4,7,19,112,304,14.849235974537194,0.9280772484085746
14,4,9,11,144,176,14.880540678444742,0.9300337924027964
14,4,9,13,144,208,15.539146959369447,0.9711966849605904
14,4,9,17,144,272,14.350869063635074,0.8969293164771921
14,4,9,19,144,304,14.761529004754214,0.9225955627971384
14,4,11,13,176,208,15.325436230100856,0.9578397643813035
14,4,11,15,176,240,14.69745770735921,0.9185911067099506
14,4,11,17,176,272,15.131702652612791,0.9457314157882994
14,4,11,19,176,304,14.88222823927309,0.9301392649545681
14,4,13,15,208,240,14.54524952694355,0.9090780954339719
14,4,13,17,208,272,14.527004226382576,0.907937764148911
14,4,13,19,208,304,15.502460437765658,0.9689037773603536
14,4,15,17,240,272,21.29328725202577,1.3308304532516106
14,5,3,5,96,160,23.29072918802523,0.7278352871257885
14,5,3,7,96,224,23.656367700467975,0.7392614906396242
14,5,3,11,96,352,22.455139506980878,0.7017231095931524
14,5,3,13,96,416,22.1969227775112,0.693653836797225
14,5,3,17,96,544,23.323586016242423,0.7288620630075757
14,5,3,19,96,608,21.637346206084313,0.6761670689401348
14,5,5,7,160,224,22.357300017658133,0.6986656255518167
14,5,5,9,160,288,22.650549336761785,0.7078296667738058
14,5,5,11,160,352,22.185171114345565,0.6932865973232989
14,5,5,13,160,416,24.362523565334858,0.7613288614167143
14,5,5,17,160,544,30.845464324727438,0.9639207601477324
14,5,5,19,160,608,21.84817255421568,0.68275539231924
14,5,7,9,224,288,26.163888999385456,0.8176215312307955
14,5,7,11,224,352,22.52504933420402,0.7039077916938756
14,5,7,13,224,416,22.822792076522997,0.7132122523913437
14,5,7,15,224,480,21.138607918220252,0.6605814974443829
14,5,7,17,224,544,20.426383824929285,0.6383244945290402
14,5,7,19,224,608,21.125995264477176,0.6601873520149117
14,5,9,11,288,352,21.9032476580892,0.6844764893152875
14,5,9,13,288,416,24.186639518562462,0.7558324849550769
14,5,9,17,288,544,20.587068941161142,0.6433459044112857
14,5,9,19,288,608,21.362304818782146,0.6675720255869421
14,5,11,13,352,416,22.948301438777865,0.7171344199618083
14,5,11,15,352,480,21.675167244710558,0.6773489763972049
14,5,11,17,352,544,20.762241362638438,0.6488200425824512
14,5,11,19,352,608,22.643335434240107,0.7076042323200034
14,5,13,15,416,480,20.50117944966201,0.6406618578019379
14,5,13,17,416,544,20.742675549781882,0.6482086109306838
14,5,13,19,416,608,21.52885092768784,0.672776591490245
14,5,15,17,480,544,62.33371346569548,1.9479285458029838
14,6,3,5,192,320,61.7547490335133,0.9649179536486453
14,6,3,7,192,448,61.763675342264754,0.9650574272228868
14,6,3,11,192,704,60.05932927344845,0.938427019897632
14,6,3,13,192,832,57.91876466145139,0.904980697835178
14,6,3,17,192,1088,63.285823603317795,0.9888409938018405
14,6,3,19,192,1216,57.553803721610066,0.8992781831501573
14,6,5,7,320,448,57.794751703419614,0.9030429953659315
14,6,5,9,320,576,60.31733366038963,0.942458338443588
14,6,5,11,320,704,58.69322342263451,0.9170816159786642
14,6,5,13,320,832,66.80167385218502,1.043776153940391
14,6,5,17,320,1088,96.13701295020701,1.5021408273469845
14,6,5,19,320,1216,61.037782413095364,0.9537153502046151
14,6,7,9,448,576,70.96591960262525,1.1088424937910195
14,6,7,11,448,704,59.612589348696375,0.9314467085733809
14,6,7,13,448,832,59.77251158215053,0.933945493471102
14,6,7,15,448,960,51.09185226830922,0.7983101916923315
14,6,7,17,448,1088,49.729168303120304,0.7770182547362547
14,6,7,19,448,1216,55.98658747351696,0.8747904292737025
14,6,9,11,576,704,59.59319654286412,0.9311436959822519
14,6,9,13,576,832,71.0449598336674,1.1100774974010532
14,6,9,17,576,1088,51.49620760942214,0.804628243897221
14,6,9,19,576,1216,55.544277206367894,0.8678793313494984
14,6,11,13,704,832,59.52913216411797,0.9301426900643432
14,6,11,15,704,960,55.22499690838315,0.8628905766934867
14,6,11,17,704,1088,53.732920129607834,0.8395768770251224
14,6,11,19,704,1216,57.969370541356284,0.9057714147086919
14,6,13,15,832,960,48.16805508624193,0.7526258607225301
14,6,13,17,832,1088,46.49338532086488,0.7264591456385138
14,6,13,19,832,1216,59.058920930772935,0.9227956395433271
14,6,15,17,960,1088,238.89013366686896,3.7326583385448275
15,0,3,5,3,5,1.0006385265538544,1.0006385265538544
15,0,3,7,3,7,1.000462740899311,1.000462740899311
15,0,3,11,3,11,0.9996123006645313,0.9996123006645313
15,0,3,13,3,13,0.9996364053299794,0.9996364053299794
15,0,3,17,3,17,1.0005462264452993,1.0005462264452993
15,0,3,19,3,19,0.9993061747273952,0.9993061747273952
15,0,5,7,5,7,0.9995713373881667,0.9995713373881667
15,0,5,9,5,9,1.0001294790401016,1.0001294790401016
15,0,5,11,5,11,0.9994207175780189,0.9994207175780189
15,0,5,13,5,13,1.0017398783241134,1.0017398783241134
15,0,5,17,5,17,1.0089483281507439,1.0089483281507439
15,0,5,19,5,19,0.9985946571795434,0.9985946571795434
15,0,7,9,7,9,1.0226813948595093,1.0226813948595093
15,0,7,11,7,11,0.9990476589194306,0.9990476589194306
15,0,7,13,7,13,1.002233194419067,1.002233194419067
15,0,7,15,7,15,0.9990323700067859,0.9990323700067859
15,0,7,17,7,17,0.9984232315728632,0.9984232315728632
15,0,7,19,7,19,0.9993851699815544,0.9993851699815544
15,0,9,11,9,11,0.9982823282594725,0.9982823282594725
15,0,9,13,9,13,1.0012890757867514,1.0012890757867514
15,0,9,17,9,17,0.998523471473048,0.998523471473048
15,0,9,19,9,19,0.9990219412214583,0.9990219412214583
15,0,11,13,11,13,0.9979097187010716,0.9979097187010716
15,0,11,15,11,15,0.997325904194921,0.997325904194921
15,0,11,17,11,17,0.9973358065424879,0.9973358065424879
15,0,11,19,11,19,0.9985971476144778,0.9985971476144778
15,0,13,15,13,15,0.9996734439045903,0.9996734439045903
15,0,13,17,13,17,0.998716396208362,0.998716396208362
15,0,13,19,13,19,0.9981589238055006,0.9981589238055006
15,0,15,17,15,17,1.0661555540897116,1.0661555540897116
15,1,3,5,6,10,1.46240961717423,0.731204808587115
15,1,3,7,6,14,1.4626203826050215,0.7313101913025107
15,1,3,11,6,22,1.460012592631215,0.7300062963156075
15,1,3,13,6,26,1.459604211061755,0.7298021055308775
15,1,3,17,6,34,1.4616698926509692,0.7308349463254846
15,1,3,19,6,38,1.4587721020171582,0.7293860510085791
15,1,5,7,10,14,1.4586629142803538,0.7293314571401769
15,1,5,9,10,18,1.4603415467238043,0.7301707733619022
15,1,5,11,10,22,1.4586209881845396,0.7293104940922698
15,1,5,13,10,26,1.4666771498283393,0.7333385749141696
15,1,5,17,10,34,1.477207319769315,0.7386036598846575
15,1,5,19,10,38,1.455809790246893,0.7279048951234465
15,1,7,9,14,18,1.5206355969955911,0.7603177984977956
15,1,7,11,14,22,1.4576065477800746,0.7288032738900373
15,1,7,13,14,26,1.4651315487240129,0.7325657743620064
15,1,7,15,14,30,1.456875722805905,0.7284378614029525
15,1,7,17,14,34,1.4534484075283105,0.7267242037641553
15,1,7,19,14,38,1.4604806233285148,0.7302403116642574
15,1,9,11,18,22,1.4553409288027637,0.7276704644013818
15,1,9,13,18,26,1.4636966811971959,0.7318483405985979
15,1,9,17,18,34,1.4541296902728187,0.7270648451364093
15,1,9,19,18,38,1.4604616696467523,0.7302308348233761
15,1,11,13,22,26,1.4564370459893812,0.7282185229946906
15,1,11,15,22,30,1.451472126497798,0.725736063248899
15,1,11,17,22,34,1.4506649877103566,0.7253324938551783
15,1,11,19,22,38,1.456087490796968,0.728043745398484
15,1,13,15,26,30,1.4583614345357252,0.7291807172678626
15,1,13,17,26,34,1.4557128874196326,0.7278564437098163
15,1,13,19,26,38,1.4565822105394504,0.7282911052697252
15,1,15,17,30,34,1.6138281198057651,0.8069140599028826
15,2,3,5,12,20,3.8507164499915483,0.9626791124978871
15,2,3,7,12,28,3.849093477131982,0.9622733692829954
15,2,3,11,12,44,3.8390809907119494,0.9597702476779874
15,2,3,13,12,52,3.8405498607516453,0.9601374651879113
15,2,3,17,12,68,3.8448429559104995,0.9612107389776249
15,2,3,19,12,76,3.8385211781846067,0.9596302945461517
15,2,5,7,20,28,3.836854109589581,0.9592135273973953
15,2,5,9,20,36,3.8438875103805628,0.9609718775951407
15,2,5,11,20,44,3.8360029070001986,0.9590007267500497
15,2,5,13,20,52,3.863965952775337,0.9659914881938343
15,2,5,17,20,68,3.9064179860569603,0.9766044965142401
15,2,5,19,20,76,3.8284389630499294,0.9571097407624823
15,2,7,9,28,36,4.033360259942887,1.0083400649857217
15,2,7,11,28,44,3.8335105703888988,0.9583776425972247
15,2,7,13,28,52,3.8686210055556765,0.9671552513889191
15,2,7,15,28,60,3.8282284446867854,0.9570571111716963
15,2,7,17,28,68,3.817231559510867,0.9543078898777168
15,2,7,19,28,76,3.840363631162792,0.960090907790698
15,2,9,11,36,44,3.825013064770629,0.9562532661926573
15,2,9,13,36,52,3.8556301075858785,0.9639075268964696
15,2,9,17,36,68,3.81884429280473,0.9547110732011825
15,2,9,19,36,76,3.8348046075565367,0.9587011518891342
15,2,11,13,44,52,3.8228721899361418,0.9557180474840354
15,2,11,15,44,60,3.8080711876384727,0.9520177969096182
15,2,11,17,44,68,3.8018720127515713,0.9504680031878928
15,2,11,19,44,76,3.834443312097825,0.9586108280244563
15,2,13,15,52,60,3.8332429523532157,0.9583107380883039
15,2,13,17,52,68,3.8231590480193165,0.9557897620048291
15,2,13,19,52,76,3.841069467399928,0.960267366849982
15,2,15,17,60,68,4.317653570625362,1.0794133926563405
15,3,3,5,24,40,5.795572160845783,0.7244465201057229
15,3,3,7,24,56,5.799688691562311,0.7249610864452889
15,3,3,11,24,88,5.759136333328143,0.7198920416660178
15,3,3,13,24,104,5.756452385363464,0.719556548170433
15,3,3,17,24,136,5.768572735046217,0.7210715918807771
15,3,3,19,24,152,5.739991046583554,0.7174988808229442
15,3,5,7,40,56,5.750591679863887,0.7188239599829859
15,3,5,9,40,72,5.767699628704587,0.7209624535880734
15,3,5,11,40,88,5.7429821861342045,0.7178727732667756
15,3,5,13,40,104,5.854156553839604,0.7317695692299505
15,3,5,17,40,136,5.908664291165781,0.7385830363957226
15,3,5,19,40,152,5.709444241721051,0.7136805302151313
15,3,7,9,56,72,6.348855724004762,0.7936069655005953
15,3,7,11,56,88,5.737868940614515,0.7172336175768144
15,3,7,13,56,104,5.81972883690227,0.7274661046127837
15,3,7,15,56,120,5.715290143826575,0.7144112679783219
15,3,7,17,56,136,5.664589651513235,0.7080737064391543
15,3,7,19,56,152,5.782444823809969,0.7228056029762461
15,3,9,11,72,88,5.709477587648816,0.713684698456102
15,3,9,13,72,104,5.786948057343959,0.7233685071679948
15,3,9,17,72,136,5.664904151729723,0.7081130189662154
15,3,9,19,72,152,5.761579693478277,0.7201974616847846
15,3,11,13,88,104,5.768045435254349,0.7210056794067936
15,3,11,15,88,120,5.647424810449817,0.7059281013062271
15,3,11,17,88,136,5.641006056215247,0.7051257570269058
15,3,11,19,88,152,5.7254735593130714,0.7156841949141339
15,3,13,15,104,120,5.726761040956107,0.7158451301195133
15,3,13,17,104,136,5.680366304749013,0.7100457880936266
15,3,13,19,104,152,5.757485641298085,0.7196857051622606
15,3,15,17,120,136,6.941454859156742,0.8676818573945928
15,4,3,5,48,80,15.254346313872924,0.9533966446170578
15,4,3,7,48,112,15.228912004126784,0.951807000257924
15,4,3,11,48,176,15.144729966290434,0.9465456228931521
15,4,3,13,48,208,15.101882184870636,0.9438676365544147
15,4,3,17,48,272,15.19520789624169,0.9497004935151057
15,4,3,19,48,304,15.046655727484557,0.9404159829677848
15,4,5,7,80,112,15.079993107722128,0.942499569232633
15,4,5,9,80,144,15.146463932344425,0.9466539957715265
15,4,5,11,80,176,15.093325912743701,0.9433328695464813
15,4,5,13,80,208,15.362342116884045,0.9601463823052528
15,4,5,17,80,272,15.848978790192813,0.9905611743870508
15,4,5,19,80,304,14.954338275827517,0.9346461422392198
15,4,7,9,112,144,16.815558798786547,1.0509724249241592
15,4,7,11,112,176,15.091068022833873,0.9431917514271171
15,4,7,13,112,208,15.411612243472831,0.9632257652170519
15,4,7,15,112,240,14.873600607800268,0.9296000379875168
15,4,7,17,112,272,14.809524859800929,0.925595303737558
15,4,7,19,112,304,15.122536833981107,0.9451585521238192
15,4,9,11,144,176,14.967968558204856,0.9354980348878035
15,4,9,13,144,208,15.264751981119922,0.9540469988199951
15,4,9,17,144,272,14.762783981054298,0.9226739988158936
15,4,9,19,144,304,14.996218458760152,0.9372636536725095
15,4,11,13,176,208,15.05067387306529,0.9406671170665806
15,4,11,15,176,240,14.685597794129498,0.9178498621330936
15,4,11,17,176,272,14.739350343317733,0.9212093964573583
15,4,11,19,176,304,15.169621335270524,0.9481013334544077
15,4,13,15,208,240,14.842886939526586,0.9276804337204116
15,4,13,17,208,272,14.791506038671287,0.9244691274169554
15,4,13,19,208,304,15.30945150892849,0.9568407193080306
15,4,15,17,240,272,18.922733474827865,1.1826708421767416
15,5,3,5,96,160,23.10402535975586,0.7220007924923706
15,5,3,7,96,224,23.22517414291147,0.7257866919659834
15,5,3,11,96,352,22.762279335004308,0.7113212292188846
15,5,3,13,96,416,22.54955469581835,0.7046735842443235
15,5,3,17,96,544,23.143630615985828,0.7232384567495571
15,5,3,19,96,608,22.36075091412512,0.69877346606641
15,5,5,7,160,224,22.64763821722909,0.7077386942884091
15,5,5,9,160,288,22.663408273979964,0.7082315085618739
15,5,5,11,160,352,22.409366600796492,0.7002927062748904
15,5,5,13,160,416,23.549515885569072,0.7359223714240335
15,5,5,17,160,544,24.91840830041236,0.7787002593878862
15,5,5,19,160,608,22.07779532616621,0.6899311039426941
15,5,7,9,224,288,27.734240330793032,0.8666950103372822
15,5,7,11,224,352,22.557916092389853,0.7049348778871829
15,5,7,13,224,416,23.071974660918823,0.7209992081537132
15,5,7,15,224,480,21.98601829046735,0.6870630715771047
15,5,7,17,224,544,21.633827334949856,0.676057104217183
15,5,7,19,224,608,22.980958747952332,0.7181549608735104
15,5,9,11,288,352,22.123975549221093,0.6913742359131592
15,5,9,13,288,416,22.681407303350817,0.708793978229713
15,5,9,17,288,544,21.557739306507823,0.6736793533283695
15,5,9,19,288,608,22.14748869176019,0.692109021617506
15,5,11,13,352,416,22.83114294117782,0.7134732169118069
15,5,11,15,352,480,21.539279131466117,0.6731024728583161
15,5,11,17,352,544,21.77016048293772,0.6803175150918037
15,5,11,19,352,608,22.756180377247183,0.7111306367889745
15,5,13,15,416,480,21.856941373064437,0.6830294179082637
15,5,13,17,416,544,21.916263355234612,0.6848832298510816
15,5,13,19,416,608,23.18080246706563,0.7244000770958009
15,5,15,17,480,544,40.27323733056445,1.258538666580139
15,6,3,5,192,320,61.15615479667135,0.9555649186979899
15,6,3,7,192,448,61.347535535767435,0.9585552427463662
15,6,3,11,192,704,59.40521223755336,0.9282064412117712
15,6,3,13,192,832,59.638969581061325,0.9318588997040832
15,6,3,17,192,1088,61.96108747204719,0.9681419917507373
15,6,3,19,192,1216,57.89501588803018,0.9046096232504716
15,6,5,7,320,448,60.18658108142325,0.9404153293972383
15,6,5,9,320,576,60.23602325934924,0.9411878634273319
15,6,5,11,320,704,58.61142927726907,0.9158035824573292
15,6,5,13,320,832,63.804007715112284,0.9969376205486294
15,6,5,17,320,1088,74.41126139308972,1.1626759592670268
15,6,5,19,320,1216,57.504681688507404,0.8985106513829282
15,6,7,9,448,576,74.6733525915725,1.1667711342433202
15,6,7,11,448,704,59.630419189603536,0.9317252998375553
15,6,7,13,448,832,65.25098910369573,1.0195467047452458
15,6,7,15,448,960,57.24562810806827,0.8944629391885667
15,6,7,17,448,1088,56.21286778222971,0.8783260590973392
15,6,7,19,448,1216,59.97273446413812,0.9370739760021581
15,6,9,11,576,704,57.52047401972748,0.8987574065582419
15,6,9,13,576,832,63.87928531224894,0.9981138330038897
15,6,9,17,576,1088,55.24810241731194,0.8632516002704991
15,6,9,19,576,1216,55.09767881163916,0.8609012314318619
15,6,11,13,704,832,61.22050165539905,0.9565703383656101
15,6,11,15,704,960,55.83218839915211,0.8723779437367517
15,6,11,17,704,1088,59.18468597718041,0.9247607183934439
15,6,11,19,704,1216,61.62898277456375,0.9629528558525586
15,6,13,15,832,960,57.88073343397351,0.9043864599058361
15,6,13,17,832,1088,57.93409083506044,0.9052201692978193
15,6,13,19,832,1216,63.90107826076138,0.9984543478243966
15,6,15,17,960,1088,123.7790421307799,1.934047533293436
16,0,3,5,3,5,1.0003601264445834,1.0003601264445834
16,0,3,7,3,7,1.0003249277747743,1.0003249277747743
16,0,3,11,3,11,0.9998513569769594,0.9998513569769594
16,0,3,13,3,13,0.9999198250992025,0.9999198250992025
16,0,3,17,3,17,1.0002831814798538,1.0002831814798538
16,0,3,19,3,19,0.9997691061088382,0.9997691061088382
16,0,5,7,5,7,0.9998012858492356,0.9998012858492356
16,0,5,9,5,9,1.0000961132336128,1.0000961132336128
16,0,5,11,5,11,0.9997114868084638,0.9997114868084638
16,0,5,13,5,13,1.0010420300240306,1.0010420300240306
16,0,5,17,5,17,1.0042095234239579,1.0042095234239579
16,0,5,19,5,19,0.9994060112482789,0.9994060112482789
16,0,7,9,7,9,1.0095447705270046,1.0095447705270046
16,0,7,11,7,11,0.9995376958585611,0.9995376958585611
16,0,7,13,7,13,1.0012852200468645,1.0012852200468645
16,0,7,15,7,15,0.999719838426399,0.999719838426399
16,0,7,17,7,17,0.9993418530948119,0.9993418530948119
16,0,7,19,7,19,0.999889268811901,0.999889268811901
16,0,9,11,9,11,0.9991719055946935,0.9991719055946935
16,0,9,13,9,13,1.000946676091893,1.000946676091893
16,0,9,17,9,17,0.9992711589867843,0.9992711589867843
16,0,9,19,9,19,0.9994443954922216,0.9994443954922216
16,0,11,13,11,13,0.9989635978740153,0.9989635978740153
16,0,11,15,11,15,0.9987681663448286,0.9987681663448286
16,0,11,17,11,17,0.998784313974155,0.998784313974155
16,0,11,19,11,19,0.9992697323678301,0.9992697323678301
16,0,13,15,13,15,1.0000943550092396,1.0000943550092396
16,0,13,17,13,17,0.999423957591423,0.999423957591423
16,0,13,19,13,19,0.9993246024670506,0.9993246024670506
16,0,15,17,15,17,1.047704275569162,1.047704275569162
16,1,3,5,6,10,1.4612355083185846,0.7306177541592923
16,1,3,7,6,14,1.4625234752028493,0.7312617376014247
16,1,3,11,6,22,1.4602334489090472,0.7301167244545236
16,1,3,13,6,26,1.4600926235179974,0.7300463117589987
16,1,3,17,6,34,1.4609550316549882,0.7304775158274941
16,1,3,19,6,38,1.4595468342105928,0.7297734171052964
16,1,5,7,10,14,1.460048389467644,0.730024194733822
16,1,5,9,10,18,1.4601986815687233,0.7300993407843617
16,1,5,11,10,22,1.459633998758254,0.729816999379127
16,1,5,13,10,26,1.4643690253484907,0.7321845126742453
16,1,5,17,10,34,1.4686746049907848,0.7343373024953924
16,1,5,19,10,38,1.4580455023342747,0.7290227511671373
16,1,7,9,14,18,1.4873520813803407,0.7436760406901703
16,1,7,11,14,22,1.4592782309131518,0.7296391154565759
16,1,7,13,14,26,1.4631161990087476,0.7315580995043738
16,1,7,15,14,30,1.45950504399581,0.729752521997905
16,1,7,17,14,34,1.457668133886364,0.728834066943182
16,1,7,19,14,38,1.4610589652973915,0.7305294826486958
16,1,9,11,18,22,1.4575966418845747,0.7287983209422874
16,1,9,13,18,26,1.4620304454691122,0.7310152227345561
16,1,9,17,18,34,1.4568224865808506,0.7284112432904253
16,1,9,19,18,38,1.4603784423307686,0.7301892211653843
16,1,11,13,22,26,1.458172181140037,0.7290860905700185
16,1,11,15,22,30,1.4559848614434912,0.7279924307217456
16,1,11,17,22,34,1.4556601529206448,0.7278300764603224
16,1,11,19,22,38,1.4576322762748475,0.7288161381374237
16,1,13,15,26,30,1.460045125553479,0.7300225627767395
16,1,13,17,26,34,1.4572397704123765,0.7286198852061883
16,1,13,19,26,38,1.458452754651449,0.7292263773257245
16,1,15,17,30,34,1.5580696166431562,0.7790348083215781
16,2,3,5,12,20,3.8468872948235386,0.9617218237058847
16,2,3,7,12,28,3.847823514242977,0.9619558785607443
16,2,3,11,12,44,3.8428283158355367,0.9607070789588842
16,2,3,13,12,52,3.8419527375862192,0.9604881843965548
16,2,3,17,12,68,3.8437723913431507,0.9609430978357877
16,2,3,19,12,76,3.840935230050187,0.9602338075125467
16,2,5,7,20,28,3.8398819958136667,0.9599704989534167
16,2,5,9,20,36,3.8435346488292055,0.9608836622073014
16,2,5,11,20,44,3.8402832106097593,0.9600708026524398
16,2,5,13,20,52,3.8550771310220653,0.9637692827555163
16,2,5,17,20,68,3.873783734598659,0.9684459336496648
16,2,5,19,20,76,3.8347413290696606,0.9586853322674151
16,2,7,9,28,36,3.9239350138208464,0.9809837534552116
16,2,7,11,28,44,3.8395171017954337,0.9598792754488584
16,2,7,13,28,52,3.853897970784721,0.9634744926961802
16,2,7,15,28,60,3.8367812069641034,0.9591953017410259
16,2,7,17,28,68,3.831493751007847,0.9578734377519618
16,2,7,19,28,76,3.8425247264111615,0.9606311816027904
16,2,9,11,36,44,3.8342690596811,0.958567264920275
16,2,9,13,36,52,3.849589886758494,0.9623974716896235
16,2,9,17,36,68,3.8288001170324795,0.9572000292581199
16,2,9,19,36,76,3.8396586852049563,0.9599146713012391
16,2,11,13,44,52,3.8329904971009747,0.9582476242752437
16,2,11,15,44,60,3.827032557017809,0.9567581392544523
16,2,11,17,44,68,3.824555630076105,0.9561389075190263
16,2,11,19,44,76,3.8363488230519165,0.9590872057629791
16,2,13,15,52,60,3.8382544621615415,0.9595636155403854
16,2,13,17,52,68,3.8274432765452095,0.9568608191363024
16,2,13,19,52,76,3.8425225643367904,0.9606306410841976
16,2,15,17,60,68,4.1268654222128855,1.0317163555532214
16,3,3,5,24,40,5.787774143741848,0.723471767967731
16,3,3,7,24,56,5.79148021122822,0.7239350264035275
16,3,3,11,24,88,5.765841945998995,0.7207302432498743
16,3,3,13,24,104,5.765843146737289,0.7207303933421612
16,3,3,17,24,136,5.763210843059978,0.7204013553824973
16,3,3,19,24,152,5.7649187674424835,0.7206148459303104
16,3,5,7,40,56,5.763042713182189,0.7203803391477737
16,3,5,9,40,72,5.775018931413123,0.7218773664266404
16,3,5,11,40,88,5.756804188228302,0.7196005235285378
16,3,5,13,40,104,5.821963329044671,0.7277454161305839
16,3,5,17,40,136,5.81713692087681,0.7271421151096013
16,3,5,19,40,152,5.746744996333048,0.718343124541631
16,3,7,9,56,72,6.0302933178953575,0.7537866647369197
16,3,7,11,56,88,5.755230652938438,0.7194038316173047
16,3,7,13,56,104,5.792053820332319,0.7240067275415398
16,3,7,15,56,120,5.751048767334908,0.7188810959168636
16,3,7,17,56,136,5.720966082345486,0.7151207602931857
16,3,7,19,56,152,5.774677377425151,0.7218346721781439
16,3,9,11,72,88,5.737745547423045,0.7172181934278806
16,3,9,13,72,104,5.784629862239765,0.7230787327799706
16,3,9,17,72,136,5.707000438449061,0.7133750548061326
16,3,9,19,72,152,5.799836822047242,0.7249796027559052
16,3,11,13,88,104,5.765563100291119,0.7206953875363898
16,3,11,15,88,120,5.714233918237682,0.7142792397797102
16,3,11,17,88,136,5.707698562114747,0.7134623202643434
16,3,11,19,88,152,5.735008827032504,0.716876103379063
16,3,13,15,104,120,5.753731082122181,0.7192163852652727
16,3,13,17,104,136,5.700324040927402,0.7125405051159253
16,3,13,19,104,152,5.773228099609952,0.721653512451244
16,3,15,17,120,136,6.431078850781779,0.8038848563477223
16,4,3,5,48,80,15.230975458364131,0.9519359661477582
16,4,3,7,48,112,15.249549570503424,0.953096848156464
16,4,3,11,48,176,15.168579119741493,0.9480361949838433
16,4,3,13,48,208,15.15989925586527,0.9474937034915794
16,4,3,17,48,272,15.167254499500284,0.9479534062187678
16,4,3,19,48,304,15.132429506105353,0.9457768441315846
16,4,5,7,80,112,15.152674612596329,0.9470421632872705
16,4,5,9,80,144,15.187728335493773,0.9492330209683608
16,4,5,11,80,176,15.145898083197773,0.9466186301998608
16,4,5,13,80,208,15.363641036007323,0.9602275647504577
16,4,5,17,80,272,15.444901880418518,0.9653063675261574
16,4,5,19,80,304,15.10050732695879,0.9437817079349243
16,4,7,9,112,144,16.0780639685105,1.0048789980319062
16,4,7,11,112,176,15.149850690977326,0.9468656681860829
16,4,7,13,112,208,15.316252810021428,0.9572658006263393
16,4,7,15,112,240,15.093727540841549,0.9433579713025968
16,4,7,17,112,272,14.994484381565204,0.9371552738478253
16,4,7,19,112,304,15.137662491323832,0.9461039057077395
16,4,9,11,144,176,15.083241069238074,0.9427025668273796
16,4,9,13,144,208,15.288187766417018,0.9555117354010636
16,4,9,17,144,272,14.951123086924682,0.9344451929327926
16,4,9,19,144,304,15.156979537734959,0.9473112211084349
16,4,11,13,176,208,15.14380901607426,0.9464880635046412
16,4,11,15,176,240,14.973967612808018,0.9358729758005011
16,4,11,17,176,272,14.952356061163947,0.9345222538227467
16,4,11,19,176,304,15.111060462388151,0.9444412788992594
16,4,13,15,208,240,15.107825242757064,0.9442390776723165
16,4,13,17,208,272,14.914624474424912,0.932164029651557
16,4,13,19,208,304,15.303922839762771,0.9564951774851732
16,4,15,17,240,272,17.069086869045048,1.0668179293153155
16,5,3,5,96,160,23.00498928461062,0.7189059151440819
16,5,3,7,96,224,23.13999518739432,0.7231248496060725
16,5,3,11,96,352,22.913050179671135,0.716032818114723
16,5,3,13,96,416,22.789740463962428,0.7121793894988259
16,5,3,17,96,544,22.94457017336672,0.71701781791771
16,5,3,19,96,608,22.71639025754261,0.7098871955482066
16,5,5,7,160,224,22.808028578040414,0.7127508930637629
16,5,5,9,160,288,22.785386168991245,0.7120433177809764
16,5,5,11,160,352,22.7671101413131,0.7114721919160344
16,5,5,13,160,416,23.351906886314318,0.7297470901973224
16,5,5,17,160,544,23.788262746376553,0.7433832108242673
16,5,5,19,160,608,22.5591730710008,0.704974158468775
16,5,7,9,224,288,25.090393223911317,0.7840747882472286
16,5,7,11,224,352,22.80368383285339,0.7126151197766685
16,5,7,13,224,416,22.961841777170605,0.7175575555365814
16,5,7,15,224,480,22.49609744303308,0.7030030450947837
16,5,7,17,224,544,22.441395614968805,0.7012936129677751
16,5,7,19,224,608,22.706418785125148,0.7095755870351609
16,5,9,11,288,352,22.589168289097877,0.7059115090343087
16,5,9,13,288,416,22.988428467336547,0.7183883896042671
16,5,9,17,288,544,22.231320976780683,0.6947287805243963
16,5,9,19,288,608,22.891567662066187,0.7153614894395683
16,5,11,13,352,416,23.014890556610847,0.719215329894089
16,5,11,15,352,480,22.32485266588234,0.6976516458088231
16,5,11,17,352,544,22.465322654596406,0.7020413329561377
16,5,11,19,352,608,22.72013616819734,0.7100042552561668
16,5,13,15,416,480,22.281688937050838,0.6963027792828387
16,5,13,17,416,544,22.352515034078504,0.6985160948149532
16,5,13,19,416,608,23.01488499258248,0.7192151560182025
16,5,15,17,480,544,29.44602283383278,0.9201882135572744
16,6,3,5,192,320,60.75628071269193,0.9493168861358114
16,6,3,7,192,448,61.10924902931422,0.9548320160830347
16,6,3,11,192,704,60.29697121880685,0.9421401752938571
16,6,3,13,192,832,59.71401224190317,0.933031441279737
16,6,3,17,192,1088,60.71729664687917,0.948707760107487
16,6,3,19,192,1216,59.281286207977075,0.9262700969996418
16,6,5,7,320,448,60.101397392930394,0.9390843342645374
16,6,5,9,320,576,60.15106657476058,0.939860415230634
16,6,5,11,320,704,60.01402487015556,0.9377191385961806
16,6,5,13,320,832,61.70831177895464,0.9641923715461662
16,6,5,17,320,1088,66.30100745899533,1.035953241546802
16,6,5,19,320,1216,58.726097511498246,0.9175952736171601
16,6,7,9,448,576,66.46102506936074,1.0384535167087616
16,6,7,11,448,704,60.690440880328,0.948288138755125
16,6,7,13,448,832,60.941349454850865,0.9522085852320448
16,6,7,15,448,960,58.67441084010304,0.91678766937661
16,6,7,17,448,1088,58.35557159940447,0.9118058062406948
16,6,7,19,448,1216,59.19825985296558,0.9249728102025871
16,6,9,11,576,704,59.32777297529884,0.9269964527390444
16,6,9,13,576,832,61.95458660388799,0.9680404156857498
16,6,9,17,576,1088,57.20839095245281,0.8938811086320751
16,6,9,19,576,1216,58.83597239959666,0.9193120687436979
16,6,11,13,704,832,61.07833566614397,0.9543489947834995
16,6,11,15,704,960,58.59707034607782,0.915579224157466
16,6,11,17,704,1088,60.33303893583286,0.9427037333723884
16,6,11,19,704,1216,59.345041458354466,0.9272662727867885
16,6,13,15,832,960,57.9915426105039,0.9061178532891234
16,6,13,17,832,1088,57.93828801717502,0.9052857502683597
16,6,13,19,832,1216,61.821271218803936,0.9659573627938115
16,6,15,17,960,1088,84.99042191091033,1.3279753423579739
17,0,3,5,3,5,1.0002441159819684,1.0002441159819684
17,0,3,7,3,7,1.000121027707816,1.000121027707816
17,0,3,11,3,11,0.9999349216906224,0.9999349216906224
17,0,3,13,3,13,0.9999139413552939,0.9999139413552939
17,0,3,17,3,17,1.0002628540609153,1.0002628540609153
17,0,3,19,3,19,0.9998125724295737,0.9998125724295737
17,0,5,7,5,7,0.9998633374285253,0.9998633374285253
17,0,5,9,5,9,1.0001191063466484,1.0001191063466484
17,0,5,11,5,11,0.99984157683196,0.99984157683196
17,0,5,13,5,13,1.0006059385039152,1.0006059385039152
17,0,5,17,5,17,1.0031353151907985,1.0031353151907985
17,0,5,19,5,19,0.9996232067018462,0.9996232067018462
17,0,7,9,7,9,1.009407032996667,1.009407032996667
17,0,7,11,7,11,0.9997216322942204,0.9997216322942204
17,0,7,13,7,13,1.0008567169715727,1.0008567169715727
17,0,7,15,7,15,0.9998197083828941,0.9998197083828941
17,0,7,17,7,17,0.9995405986198097,0.9995405986198097
17,0,7,19,7,19,0.9997072464103351,0.9997072464103351
17,0,9,11,9,11,0.9995959582406042,0.9995959582406042
17,0,9,13,9,13,1.000583034413228,1.000583034413228
17,0,9,17,9,17,0.9997292647574613,0.9997292647574613
17,0,9,19,9,19,0.9995547791100574,0.9995547791100574
17,0,11,13,11,13,0.9993963312582205,0.9993963312582205
17,0,11,15,11,15,0.9993118294235547,0.9993118294235547
17,0,11,17,11,17,0.9993169467483809,0.9993169467483809
17,0,11,19,11,19,0.9994764961924741,0.9994764961924741
17,0,13,15,13,15,1.0001833310691772,1.0001833310691772
17,0,13,17,13,17,0.9996929561870703,0.9996929561870703
17,0,13,19,13,19,0.999334556279382,0.999334556279382
17,0,15,17,15,17,1.0279899959124041,1.0279899959124041
17,1,3,5,6,10,1.4616905979662032,0.7308452989831016
17,1,3,7,6,14,1.4616055037056395,0.7308027518528197
17,1,3,11,6,22,1.4606834757839837,0.7303417378919919
17,1,3,13,6,26,1.460683532659843,0.7303417663299215
17,1,3,17,6,34,1.461573983227497,0.7307869916137485
17,1,3,19,6,38,1.4603611734915285,0.7301805867457642
17,1,5,7,10,14,1.4605309069631514,0.7302654534815757
17,1,5,9,10,18,1.4611063715462924,0.7305531857731462
17,1,5,11,10,22,1.4603022599571203,0.7301511299785601
17,1,5,13,10,26,1.463525183932616,0.731762591966308
17,1,5,17,10,34,1.4698337586401466,0.7349168793200733
17,1,5,19,10,38,1.4596618160057255,0.7298309080028628
17,1,7,9,14,18,1.49004476132046,0.74502238066023
17,1,7,11,14,22,1.4600072980135352,0.7300036490067676
17,1,7,13,14,26,1.4630951113821913,0.7315475556910956
17,1,7,15,14,30,1.460252604331576,0.730126302165788
17,1,7,17,14,34,1.4592226857225057,0.7296113428612528
17,1,7,19,14,38,1.4604015340558931,0.7302007670279466
17,1,9,11,18,22,1.4592853974013233,0.7296426987006617
17,1,9,13,18,26,1.4624014663850737,0.7312007331925369
17,1,9,17,18,34,1.459492534667354,0.729746267333677
17,1,9,19,18,38,1.4602170349831651,0.7301085174915826
17,1,11,13,22,26,1.4591142483914594,0.7295571241957297
17,1,11,15,22,30,1.4583386994035599,0.7291693497017799
17,1,11,17,22,34,1.458250578992307,0.7291252894961535
17,1,11,19,22,38,1.4590586993802186,0.7295293496901093
17,1,13,15,26,30,1.4617448687616745,0.7308724343808373
17,1,13,17,26,34,1.459678518635371,0.7298392593176855
17,1,13,19,26,38,1.4589753062546724,0.7294876531273362
17,1,15,17,30,34,1.5462131807912682,0.7731065903956341
17,2,3,5,12,20,3.846569465810764,0.961642366452691
17,2,3,7,12,28,3.8460574014799107,0.9615143503699777
17,2,3,11,12,44,3.8425546899656933,0.9606386724914233
17,2,3,13,12,52,3.842522877632877,0.9606307194082192
17,2,3,17,12,68,3.846088025927168,0.961522006481792
17,2,3,19,12,76,3.8411950070542873,0.9602987517635718
17,2,5,7,20,28,3.8422713733016027,0.9605678433254007
17,2,5,9,20,36,3.844464652132324,0.961116163033081
17,2,5,11,20,44,3.841602990429867,0.9604007476074667
17,2,5,13,20,52,3.8506907706632365,0.9626726926658091
17,2,5,17,20,68,3.8779569261210636,0.9694892315302659
17,2,5,19,20,76,3.8383196038075473,0.9595799009518868
17,2,7,9,28,36,3.930081901425001,0.9825204753562502
17,2,7,11,28,44,3.8404426435238026,0.9601106608809507
17,2,7,13,28,52,3.8527065141577137,0.9631766285394284
17,2,7,15,28,60,3.8402404107417034,0.9600601026854259
17,2,7,17,28,68,3.8373859617444688,0.9593464904361172
17,2,7,19,28,76,3.8413716056414584,0.9603429014103646
17,2,9,11,36,44,3.8372634301106756,0.9593158575276689
17,2,9,13,36,52,3.8489910640006553,0.9622477660001638
17,2,9,17,36,68,3.8381276229118853,0.9595319057279713
17,2,9,19,36,76,3.8396735373898636,0.9599183843474659
17,2,11,13,44,52,3.835457206021899,0.9588643015054747
17,2,11,15,44,60,3.8332463491027404,0.9583115872756851
17,2,11,17,44,68,3.8329590774585114,0.9582397693646278
17,2,11,19,44,76,3.8375155155206317,0.9593788788801579
17,2,13,15,52,60,3.842566119127514,0.9606415297818784
17,2,13,17,52,68,3.8393678257729666,0.9598419564432417
17,2,13,19,52,76,3.835931031634305,0.9589827579085762
17,2,15,17,60,68,4.114409147124949,1.0286022867812372
17,3,3,5,24,40,5.782321551085503,0.7227901938856879
17,3,3,7,24,56,5.7836526734606934,0.7229565841825867
17,3,3,11,24,88,5.772852909192453,0.7216066136490566
17,3,3,13,24,104,5.771610208935094,0.7214512761168868
17,3,3,17,24,136,5.779439193858751,0.7224298992323439
17,3,3,19,24,152,5.767759539138883,0.7209699423923603
17,3,5,7,40,56,5.767686778606846,0.7209608473258557
17,3,5,9,40,72,5.773989678836942,0.7217487098546177
17,3,5,11,40,88,5.767447380504374,0.7209309225630468
17,3,5,13,40,104,5.799449195817857,0.7249311494772321
17,3,5,17,40,136,5.840051860863004,0.7300064826078755
17,3,5,19,40,152,5.756161131331804,0.7195201414164755
17,3,7,9,56,72,6.013012499430101,0.7516265624287626
17,3,7,11,56,88,5.763450681045113,0.7204313351306392
17,3,7,13,56,104,5.793937686345776,0.724242210793222
17,3,7,15,56,120,5.76066604594188,0.720083255742735
17,3,7,17,56,136,5.746666281770706,0.7183332852213382
17,3,7,19,56,152,5.774710936568506,0.7218388670710633
17,3,9,11,72,88,5.754140849772483,0.7192676062215604
17,3,9,13,72,104,5.7888008532792945,0.7236001066599118
17,3,9,17,72,136,5.7492360320330915,0.7186545040041364
17,3,9,19,72,152,5.773763068772673,0.7217203835965841
17,3,11,13,88,104,5.75862198629598,0.7198277482869975
17,3,11,15,88,120,5.7386750245695595,0.7173343780711949
17,3,11,17,88,136,5.735415289588729,0.7169269111985911
17,3,11,19,88,152,5.75636990391976,0.71954623798997
17,3,13,15,104,120,5.766537801617328,0.720817225202166
17,3,13,17,104,136,5.756016806934797,0.7195021008668496
17,3,13,19,104,152,5.759141552922976,0.719892694115372
17,3,15,17,120,136,6.388874213372266,0.7986092766715333
17,4,3,5,48,80,15.22118959013692,0.9513243493835575
17,4,3,7,48,112,15.215371763404177,0.950960735212761
17,4,3,11,48,176,15.175106369411738,0.9484441480882336
17,4,3,13,48,208,15.18039100237362,0.9487744376483512
17,4,3,17,48,272,15.197066842184942,0.9498166776365589
17,4,3,19,48,304,15.172304722572273,0.948269045160767
17,4,5,7,80,112,15.165644095576575,0.9478527559735359
17,4,5,9,80,144,15.193603354957965,0.9496002096848728
17,4,5,11,80,176,15.161931259331961,0.9476207037082476
17,4,5,13,80,208,15.27286587941668,0.9545541174635425
17,4,5,17,80,272,15.44005493433692,0.9650034333960575
17,4,5,19,80,304,15.131566872372542,0.9457229295232839
17,4,7,9,112,144,15.947921379125633,0.9967450861953521
17,4,7,11,112,176,15.152948054128466,0.9470592533830291
17,4,7,13,112,208,15.29260778652193,0.9557879866576207
17,4,7,15,112,240,15.131585600984216,0.9457241000615135
17,4,7,17,112,272,15.085935940693556,0.9428709962933473
17,4,7,19,112,304,15.179436186617801,0.9487147616636126
17,4,9,11,144,176,15.118306314276282,0.9448941446422676
17,4,9,13,144,208,15.24216024249502,0.9526350151559387
17,4,9,17,144,272,15.092846530275127,0.9433029081421954
17,4,9,19,144,304,15.156379749447618,0.9472737343404761
17,4,11,13,176,208,15.108479265896467,0.9442799541185292
17,4,11,15,176,240,15.049982856300058,0.9406239285187536
17,4,11,17,176,272,15.024458233037336,0.9390286395648335
17,4,11,19,176,304,15.153279391178266,0.9470799619486416
17,4,13,15,208,240,15.15038097814191,0.9468988111338694
17,4,13,17,208,272,15.111898821047218,0.9444936763154511
17,4,13,19,208,304,15.18169749819982,0.9488560936374888
17,4,15,17,240,272,17.09778912786247,1.0686118204914044
17,5,3,5,96,160,23.10525398011301,0.7220391868785315
17,5,3,7,96,224,23.123211030210125,0.7226003446940664
17,5,3,11,96,352,22.959498294012192,0.717484321687881
17,5,3,13,96,416,22.950757821116643,0.7172111819098951
17,5,3,17,96,544,22.99885539442307,0.718714231075721
17,5,3,19,96,608,22.883514055114084,0.7151098142223151
17,5,5,7,160,224,22.926614367513842,0.7164566989848076
17,5,5,9,160,288,22.993603993305594,0.7185501247907998
17,5,5,11,160,352,22.895149069671668,0.7154734084272396
17,5,5,13,160,416,23.339406764457312,0.729356461389291
17,5,5,17,160,544,23.553183776014134,0.7360369930004417
17,5,5,19,160,608,22.762019369530925,0.7113131052978414
17,5,7,9,224,288,25.317257078639948,0.7911642837074984
17,5,7,11,224,352,22.875387863828557,0.7148558707446424
17,5,7,13,224,416,23.203496749040973,0.7251092734075304
17,5,7,15,224,480,22.784810655751752,0.7120253329922422
17,5,7,17,224,544,22.58375300974286,0.7057422815544644
17,5,7,19,224,608,23.053477001863893,0.7204211563082467
17,5,9,11,288,352,22.761066210216867,0.7112833190692771
17,5,9,13,288,416,23.07363077225297,0.7210509616329053
17,5,9,17,288,544,22.58331645365508,0.7057286391767212
17,5,9,19,288,608,22.967142119066498,0.7177231912208281
17,5,11,13,352,416,22.991134646757974,0.7184729577111867
17,5,11,15,352,480,22.511260035779937,0.703476876118123
17,5,11,17,352,544,22.488772110890878,0.7027741284653399
17,5,11,19,352,608,22.82225870900406,0.7131955846563769
17,5,13,15,416,480,22.83009595793901,0.7134404986855941
17,5,13,17,416,544,22.648006869195108,0.7077502146623471
17,5,13,19,416,608,22.955789206888753,0.7173684127152735
17,5,15,17,480,544,27.688750686283086,0.8652734589463464
17,6,3,5,192,320,60.82711782469168,0.9504237160108076
17,6,3,7,192,448,60.727520889384806,0.9488675138966376
17,6,3,11,192,704,60.38979468573595,0.9435905419646242
17,6,3,13,192,832,60.21758164422228,0.9408997131909731
17,6,3,17,192,1088,60.58777233967773,0.9466839428074645
17,6,3,19,192,1216,59.997296143399105,0.937457752240611
17,6,5,7,320,448,60.129587525093996,0.9395248050795937
17,6,5,9,320,576,60.392806050552245,0.9436375945398788
17,6,5,11,320,704,60.18236641437969,0.9403494752246827
17,6,5,13,320,832,61.25485300586007,0.9571070782165636
17,6,5,17,320,1088,63.186182039235476,0.9872840943630543
17,6,5,19,320,1216,59.629503152837586,0.9317109867630873
17,6,7,9,448,576,67.06931340135127,1.0479580218961135
17,6,7,11,448,704,60.176302260866,0.9402547228260313
17,6,7,13,448,832,61.45395817097185,0.9602180964214352
17,6,7,15,448,960,59.305158522593096,0.9266431019155171
17,6,7,17,448,1088,59.0463174673659,0.9225987104275922
17,6,7,19,448,1216,60.299271287355985,0.9421761138649373
17,6,9,11,576,704,59.68095311322254,0.9325148923941022
17,6,9,13,576,832,60.865998792310364,0.9510312311298494
17,6,9,17,576,1088,58.85643512765773,0.9196317988696521
17,6,9,19,576,1216,59.79089009166708,0.9342326576822981
17,6,11,13,704,832,59.99889567812495,0.9374827449707024
17,6,11,15,704,960,58.55107573243715,0.9148605583193304
17,6,11,17,704,1088,58.76281966058068,0.9181690571965732
17,6,11,19,704,1216,60.48483279124826,0.945075512363254
17,6,13,15,832,960,59.18055205024666,0.9246961257851041
17,6,13,17,832,1088,58.979477152314544,0.9215543305049148
17,6,13,19,832,1216,61.05419955097287,0.9539718679839511
17,6,15,17,960,1088,75.49388135882093,1.179591896231577
18,0,3,5,3,5,1.00009931195964,1.00009931195964
18,0,3,7,3,7,1.0001123538547596,1.0001123538547596
18,0,3,11,3,11,0.9999871930022722,0.9999871930022722
18,0,3,13,3,13,0.9999413356182538,0.9999413356182538
18,0,3,17,3,17,1.0000896281417393,1.0000896281417393
18,0,3,19,3,19,0.9999374692265114,0.9999374692265114
18,0,5,7,5,7,0.9999340694729169,0.9999340694729169
18,0,5,9,5,9,1.0000509308982042,1.0000509308982042
18,0,5,11,5,11,0.9999240239747191,0.9999240239747191
18,0,5,13,5,13,1.0003025616781767,1.0003025616781767
18,0,5,17,5,17,1.0011723322434547,1.0011723322434547
18,0,5,19,5,19,0.9998292087310822,0.9998292087310822
18,0,7,9,7,9,1.0045591503154938,1.0045591503154938
18,0,7,11,7,11,0.9998906183959299,0.9998906183959299
18,0,7,13,7,13,1.0003939976510692,1.0003939976510692
18,0,7,15,7,15,0.9999473963592288,0.9999473963592288
18,0,7,17,7,17,0.9997667936010193,0.9997667936010193
18,0,7,19,7,19,0.9998966290747225,0.9998966290747225
18,0,9,11,9,11,0.9998289275754126,0.9998289275754126
18,0,9,13,9,13,1.0003915983910707,1.0003915983910707
18,0,9,17,9,17,0.9998241095804257,0.9998241095804257
18,0,9,19,9,19,0.9998152121524237,0.9998152121524237
18,0,11,13,11,13,0.9996906431704746,0.9996906431704746
18,0,11,15,11,15,0.9996622479872161,0.9996622479872161
18,0,11,17,11,17,0.9996642712170264,0.9996642712170264
18,0,11,19,11,19,0.9997584570051038,0.9997584570051038
18,0,13,15,13,15,1.000091512759362,1.000091512759362
18,0,13,17,13,17,0.9997227556500747,0.9997227556500747
18,0,13,19,13,19,0.9997113895111535,0.9997113895111535
18,0,15,17,15,17,1.0141071148361598,1.0141071148361598
18,1,3,5,6,10,1.4614307098553756,0.7307153549276878
18,1,3,7,6,14,1.4613770302495994,0.7306885151247997
18,1,3,11,6,22,1.46087738161803,0.730438690809015
18,1,3,13,6,26,1.4608012088865754,0.7304006044432877
18,1,3,17,6,34,1.4613113160905662,0.7306556580452831
18,1,3,19,6,38,1.460601190026528,0.730300595013264
18,1,5,7,10,14,1.4607323371301921,0.7303661685650961
18,1,5,9,10,18,1.4611776675047594,0.7305888337523797
18,1,5,11,10,22,1.4606503028930704,0.7303251514465352
18,1,5,13,10,26,1.4621650899898067,0.7310825449949033
18,1,5,17,10,34,1.4654244110541403,0.7327122055270702
18,1,5,19,10,38,1.4602615974383621,0.7301307987191811
18,1,7,9,14,18,1.4732193397594744,0.7366096698797372
18,1,7,11,14,22,1.4605383561701637,0.7302691780850818
18,1,7,13,14,26,1.4618114406836276,0.7309057203418138
18,1,7,15,14,30,1.4606861694079,0.73034308470395
18,1,7,17,14,34,1.4600728577634792,0.7300364288817396
18,1,7,19,14,38,1.4606478497931017,0.7303239248965508
18,1,9,11,18,22,1.4601930071892182,0.7300965035946091
18,1,9,13,18,26,1.4619911443488405,0.7309955721744202
18,1,9,17,18,34,1.4602669369212424,0.7301334684606212
18,1,9,19,18,38,1.4604286805772726,0.7302143402886363
18,1,11,13,22,26,1.4600111848221864,0.7300055924110932
18,1,11,15,22,30,1.459700905116836,0.729850452558418
18,1,11,17,22,34,1.4596223033133928,0.7298111516566964
18,1,11,19,22,38,1.45991019311714,0.72995509655857
18,1,13,15,26,30,1.4612807112005257,0.7306403556002629
18,1,13,17,26,34,1.460030968823302,0.730015484411651
18,1,13,19,26,38,1.4600125501883463,0.7300062750941732
18,1,15,17,30,34,1.5143660608927436,0.7571830304463718
18,2,3,5,12,20,3.8453419878919872,0.9613354969729968
18,2,3,7,12,28,3.845428602609581,0.9613571506523952
18,2,3,11,12,44,3.843521374256304,0.960880343564076
18,2,3,13,12,52,3.8436916068068654,0.9609229017017163
18,2,3,17,12,68,3.8450140192281843,0.9612535048070461
18,2,3,19,12,76,3.8430595035957067,0.9607648758989267
18,2,5,7,20,28,3.843224512903969,0.9608061282259922
18,2,5,9,20,36,3.844250410238215,0.9610626025595538
18,2,5,11,20,44,3.8428043523564384,0.9607010880891096
18,2,5,13,20,52,3.8481441177731073,0.9620360294432768
18,2,5,17,20,68,3.859470672655243,0.9648676681638108
18,2,5,19,20,76,3.8416144977299687,0.9604036244324922
18,2,7,9,28,36,3.8810082484169888,0.9702520621042472
18,2,7,11,28,44,3.8423561554536905,0.9605890388634226
18,2,7,13,28,52,3.8489472895953187,0.9622368223988297
18,2,7,15,28,60,3.842948384173079,0.9607370960432697
18,2,7,17,28,68,3.8412127236950635,0.9603031809237659
18,2,7,19,28,76,3.843446497211196,0.960861624302799
18,2,9,11,36,44,3.840799418570163,0.9601998546425408
18,2,9,13,36,52,3.8477411454490924,0.9619352863622731
18,2,9,17,36,68,3.841009368303005,0.9602523420757513
18,2,9,19,36,76,3.841632415865846,0.9604081039664615
18,2,11,13,44,52,3.8398542025266957,0.9599635506316739
18,2,11,15,44,60,3.8390794504389762,0.9597698626097441
18,2,11,17,44,68,3.8388794736056484,0.9597198684014121
18,2,11,19,44,76,3.8407264269792822,0.9601816067448206
18,2,13,15,52,60,3.8443622079284308,0.9610905519821077
18,2,13,17,52,68,3.8419885821861013,0.9604971455465253
18,2,13,19,52,76,3.8409503612820237,0.9602375903205059
18,2,15,17,60,68,4.0361589342569335,1.0090397335642334
18,3,3,5,24,40,5.777873797552855,0.7222342246941069
18,3,3,7,24,56,5.783258136320843,0.7229072670401053
18,3,3,11,24,88,5.77382499338701,0.7217281241733763
18,3,3,13,24,104,5.773380196884874,0.7216725246106093
18,3,3,17,24,136,5.776545504987766,0.7220681881234707
18,3,3,19,24,152,5.770894874353933,0.7213618592942416
18,3,5,7,40,56,5.7732025917188174,0.7216503239648522
18,3,5,9,40,72,5.773738566016539,0.7217173207520674
18,3,5,11,40,88,5.771436377711647,0.7214295472139559
18,3,5,13,40,104,5.790297515878486,0.7237871894848108
18,3,5,17,40,136,5.8065438626810995,0.7258179828351374
18,3,5,19,40,152,5.7649612036468145,0.7206201504558518
18,3,7,9,56,72,5.881260865530776,0.735157608191347
18,3,7,11,56,88,5.770117174372692,0.7212646467965865
18,3,7,13,56,104,5.785431150718556,0.7231788938398195
18,3,7,15,56,120,5.771122742112554,0.7213903427640692
18,3,7,17,56,136,5.7636115202745835,0.7204514400343229
18,3,7,19,56,152,5.777045219680785,0.7221306524600981
18,3,9,11,72,88,5.763312864691406,0.7204141080864257
18,3,9,13,72,104,5.781642879528198,0.7227053599410248
18,3,9,17,72,136,5.760072777078031,0.7200090971347539
18,3,9,19,72,152,5.773865664344894,0.7217332080431117
18,3,11,13,88,104,5.765422031247599,0.7206777539059499
18,3,11,15,88,120,5.756768057741663,0.7195960072177079
18,3,11,17,88,136,5.755363413691153,0.7194204267113942
18,3,11,19,88,152,5.762935907787887,0.7203669884734859
18,3,13,15,104,120,5.7731199733810605,0.7216399966726326
18,3,13,17,104,136,5.7617951335283815,0.7202243916910477
18,3,13,19,104,152,5.766373092948763,0.7207966366185954
18,3,15,17,120,136,6.164115025847225,0.7705143782309031
18,4,3,5,48,80,15.206428650562456,0.9504017906601535
18,4,3,7,48,112,15.21023994770062,0.9506399967312887
18,4,3,11,48,176,15.189973194994508,0.9493733246871567
18,4,3,13,48,208,15.186367920143528,0.9491479950089705
18,4,3,17,48,272,15.19281774780736,0.94955110923796
18,4,3,19,48,304,15.18202862745835,0.9488767892161468
18,4,5,7,80,112,15.178062283108238,0.9486288926942649
18,4,5,9,80,144,15.192860446815647,0.949553777925978
18,4,5,11,80,176,15.17944791970648,0.948715494981655
18,4,5,13,80,208,15.238460089554628,0.9524037555971643
18,4,5,17,80,272,15.309343967099485,0.9568339979437178
18,4,5,19,80,304,15.15706047688078,0.9473162798050487
18,4,7,9,112,144,15.511981030894319,0.9694988144308949
18,4,7,11,112,176,15.176822620023271,0.9485514137514545
18,4,7,13,112,208,15.234064777121391,0.952129048570087
18,4,7,15,112,240,15.165987027439396,0.9478741892149622
18,4,7,17,112,272,15.143722431125102,0.9464826519453189
18,4,7,19,112,304,15.188504828346112,0.949281551771632
18,4,9,11,144,176,15.155527584028254,0.9472204740017659
18,4,9,13,144,208,15.217579830837781,0.9510987394273613
18,4,9,17,144,272,15.132894852872276,0.9458059283045173
18,4,9,19,144,304,15.17633113378783,0.9485206958617394
18,4,11,13,176,208,15.149723188427455,0.9468576992767159
18,4,11,15,176,240,15.126473814662697,0.9454046134164186
18,4,11,17,176,272,15.11568125941409,0.9447300787133807
18,4,11,19,176,304,15.162492486183572,0.9476557803864732
18,4,13,15,208,240,15.171542135532874,0.9482213834708046
18,4,13,17,208,272,15.127468998218529,0.945466812388658
18,4,13,19,208,304,15.187833177898131,0.9492395736186332
18,4,15,17,240,272,16.324405774030236,1.0202753608768897
18,5,3,5,96,160,23.07418194219132,0.7210681856934787
18,5,3,7,96,224,23.090169610734534,0.7215678003354542
18,5,3,11,96,352,22.987380892006026,0.7183556528751883
18,5,3,13,96,416,22.987425108876955,0.7183570346524049
18,5,3,17,96,544,22.97688534190574,0.7180276669345543
18,5,3,19,96,608,22.98382845075205,0.7182446390860016
18,5,5,7,160,224,22.976116742366248,0.7180036481989452
18,5,5,9,160,288,23.022944314429413,0.7194670098259192
18,5,5,11,160,352,22.950974424573403,0.7172179507679188
18,5,5,13,160,416,23.210245992885444,0.7253201872776701
18,5,5,17,160,544,23.19239092666606,0.7247622164583144
18,5,5,19,160,608,22.911174890765675,0.7159742153364274
18,5,7,9,224,288,24.043222929598855,0.7513507165499642
18,5,7,11,224,352,22.945192421789425,0.7170372631809195
18,5,7,13,224,416,23.09154355416315,0.7216107360675984
18,5,7,15,224,480,22.92859626644869,0.7165186333265215
18,5,7,17,224,544,22.807752794996933,0.7127422748436542
18,5,7,19,224,608,23.02328877668808,0.7194777742715025
18,5,9,11,288,352,22.875143088147745,0.714848221504617
18,5,9,13,288,416,23.063402849867938,0.720731339058373
18,5,9,17,288,544,22.752009690814198,0.7110003028379437
18,5,9,19,288,608,23.121688038333946,0.7225527511979358
18,5,11,13,352,416,22.983555979516993,0.718236124359906
18,5,11,15,352,480,22.78079209125706,0.7118997528517831
18,5,11,17,352,544,22.754271214644618,0.7110709754576443
18,5,11,19,352,608,22.86273259944463,0.7144603937326447
18,5,13,15,416,480,22.938282985757507,0.7168213433049221
18,5,13,17,416,544,22.725264878603763,0.7101645274563676
18,5,13,19,416,608,23.01836431008707,0.7193238846902209
18,5,15,17,480,544,25.65284514553157,0.8016514107978615
18,6,3,5,192,320,60.732907869914655,0.9489516854674165
18,6,3,7,192,448,60.80961844894563,0.9501502882647754
18,6,3,11,192,704,60.485415558136374,0.9450846180958808
18,6,3,13,192,832,60.449720624507734,0.9445268847579333
18,6,3,17,192,1088,60.4795429587845,0.9449928587310078
18,6,3,19,192,1216,60.34076052775963,0.9428243832462442
18,6,5,7,320,448,60.42046767534629,0.9440698074272857
18,6,5,9,320,576,60.55861207519605,0.9462283136749383
18,6,5,11,320,704,60.3926313791925,0.9436348652998828
18,6,5,13,320,832,61.25969384432268,0.9571827163175419
18,6,5,17,320,1088,61.586115304134076,0.9622830516270949
18,6,5,19,320,1216,60.21331953453524,0.9408331177271131
18,6,7,9,448,576,64.12213897654622,1.0019084215085348
18,6,7,11,448,704,60.410452618419015,0.9439133221627971
18,6,7,13,448,832,61.07270735013911,0.9542610523459236
18,6,7,15,448,960,60.1854610585685,0.9403978290401328
18,6,7,17,448,1088,59.78720162700333,0.934175025421927
18,6,7,19,448,1216,60.36156997364903,0.9431495308382661
18,6,9,11,576,704,60.14354528183305,0.9397428950286414
18,6,9,13,576,832,60.96218454571536,0.9525341335268025
18,6,9,17,576,1088,59.61570574659112,0.9314954022904862
18,6,9,19,576,1216,60.43610959012423,0.9443142123456911
18,6,11,13,704,832,60.376480280773215,0.9433825043870815
18,6,11,15,704,960,59.70504496210662,0.9328913275329159
18,6,11,17,704,1088,59.618326724051904,0.931536355063311
18,6,11,19,704,1216,60.25369073583935,0.9414639177474898
18,6,13,15,832,960,60.23785067752665,0.9412164168363539
18,6,13,17,832,1088,59.47121040589681,0.9292376625921377
18,6,13,19,832,1216,61.03097082466274,0.9536089191353553
18,6,15,17,960,1088,68.09920562601468,1.0640500879064794
19,0,3,5,3,5,1.0000873827947347,1.0000873827947347
19,0,3,7,3,7,1.0000472704427565,1.0000472704427565
19,0,3,11,3,11,0.9999810325513678,0.9999810325513678
19,0,3,13,3,13,0.9999702183200009,0.9999702183200009
19,0,3,17,3,17,1.0000726337253665,1.0000726337253665
19,0,3,19,3,19,0.9999648965488116,0.9999648965488116
19,0,5,7,5,7,0.9999679597599773,0.9999679597599773
19,0,5,9,5,9,1.000062730080758,1.000062730080758
19,0,5,11,5,11,0.9999497607709805,0.9999497607709805
19,0,5,13,5,13,1.0002224268488746,1.0002224268488746
19,0,5,17,5,17,1.0010006759689785,1.0010006759689785
19,0,5,19,5,19,0.9999174184864106,0.9999174184864106
19,0,7,9,7,9,1.0042584766906004,1.0042584766906004
19,0,7,11,7,11,0.9999214976948347,0.9999214976948347
19,0,7,13,7,13,1.0003042943040557,1.0003042943040557
19,0,7,15,7,15,0.999951738800492,0.999951738800492
19,0,7,17,7,17,0.9998654920057034,0.9998654920057034
19,0,7,19,7,19,0.9999683194322095,0.9999683194322095
19,0,9,11,9,11,0.9998967106553263,0.9998967106553263
19,0,9,13,9,13,1.0002459380960347,1.0002459380960347
19,0,9,17,9,17,0.9999323070720836,0.9999323070720836
19,0,9,19,9,19,0.9999325883180069,0.9999325883180069
19,0,11,13,11,13,0.999817721940889,0.999817721940889
19,0,11,15,11,15,0.9997957889161564,0.9997957889161564
19,0,11,17,11,17,0.9998008804143856,0.9998008804143856
19,0,11,19,11,19,0.9998323746140539,0.9998323746140539
19,0,13,15,13,15,1.0001074749606647,1.0001074749606647
19,0,13,17,13,17,0.9998899584217571,0.9998899584217571
19,0,13,19,13,19,0.9998751318220134,0.9998751318220134
19,0,15,17,15,17,1.0093801955902433,1.0093801955902433
19,1,3,5,6,10,1.461229333477627,0.7306146667388135
19,1,3,7,6,14,1.4612158472219712,0.7306079236109856
19,1,3,11,6,22,1.460962562383177,0.7304812811915885
19,1,3,13,6,26,1.460864940643092,0.730432470321546
19,1,3,17,6,34,1.4612096992804335,0.7306048496402168
19,1,3,19,6,38,1.4608433200196433,0.7304216600098217
19,1,5,7,10,14,1.4608698297568807,0.7304349148784404
19,1,5,9,10,18,1.4611130567488662,0.7305565283744331
19,1,5,11,10,22,1.4608190434115806,0.7304095217057903
19,1,5,13,10,26,1.4617180665723029,0.7308590332861514
19,1,5,17,10,34,1.4635791315035862,0.7317895657517931
19,1,5,19,10,38,1.4606397115093617,0.7303198557546808
19,1,7,9,14,18,1.4727330756431602,0.7363665378215801
19,1,7,11,14,22,1.4607518511245468,0.7303759255622734
19,1,7,13,14,26,1.4616151080127036,0.7308075540063518
19,1,7,15,14,30,1.4608788018948229,0.7304394009474114
19,1,7,17,14,34,1.460483627529703,0.7302418137648515
19,1,7,19,14,38,1.4607385358232339,0.7303692679116169
19,1,9,11,18,22,1.4606235935422984,0.7303117967711492
19,1,9,13,18,26,1.4614691697096631,0.7307345848548316
19,1,9,17,18,34,1.46065992709333,0.730329963546665
19,1,9,19,18,38,1.4605625403091547,0.7302812701545773
19,1,11,13,22,26,1.460398430145451,0.7301992150727254
19,1,11,15,22,30,1.460263663685098,0.730131831842549
19,1,11,17,22,34,1.4602664071254248,0.7301332035627124
19,1,11,19,22,38,1.460470584463207,0.7302352922316035
19,1,13,15,26,30,1.461296293185636,0.730648146592818
19,1,13,17,26,34,1.460519229580247,0.7302596147901235
19,1,13,19,26,38,1.4602699269232777,0.7301349634616389
19,1,15,17,30,34,1.495992024562516,0.747996012281258
19,2,3,5,12,20,3.845028541361133,0.9612571353402832
19,2,3,7,12,28,3.8445722337661374,0.9611430584415344
19,2,3,11,12,44,3.8438309206591565,0.9609577301647891
19,2,3,13,12,52,3.8436981568929136,0.9609245392232284
19,2,3,17,12,68,3.845021382338096,0.961255345584524
19,2,3,19,12,76,3.843283699756414,0.9608209249391035
19,2,5,7,20,28,3.843496188648886,0.9608740471622215
19,2,5,9,20,36,3.844515942764299,0.9611289856910747
19,2,5,11,20,44,3.843384325307651,0.9608460813269127
19,2,5,13,20,52,3.8464144805115694,0.9616036201278924
19,2,5,17,20,68,3.85563940419948,0.96390985104987
19,2,5,19,20,76,3.8425215623016338,0.9606303905754084
19,2,7,9,28,36,3.8806066011819076,0.9701516502954769
19,2,7,11,28,44,3.843048380868411,0.9607620952171028
19,2,7,13,28,52,3.847384055492011,0.9618460138730027
19,2,7,15,28,60,3.843327477447609,0.9608318693619022
19,2,7,17,28,68,3.8421561319565143,0.9605390329891286
19,2,7,19,28,76,3.842794962948657,0.9606987407371642
19,2,9,11,36,44,3.842499873101357,0.9606249682753393
19,2,9,13,36,52,3.8462128009413603,0.9615532002353401
19,2,9,17,36,68,3.8429162095728095,0.9607290523932024
19,2,9,19,36,76,3.842149904359219,0.9605374760898048
19,2,11,13,44,52,3.8415969460232575,0.9603992365058144
19,2,11,15,44,60,3.841293736209303,0.9603234340523258
19,2,11,17,44,68,3.8411893112534923,0.9602973278133731
19,2,11,19,44,76,3.8418297007420272,0.9604574251855068
19,2,13,15,52,60,3.8447489073323684,0.9611872268330921
19,2,13,17,52,68,3.842848276675467,0.9607120691688668
19,2,13,19,52,76,3.8412879862660287,0.9603219965665072
19,2,15,17,60,68,3.9588562806193184,0.9897140701548296
19,3,3,5,24,40,5.7796209112105785,0.7224526139013223
19,3,3,7,24,56,5.779422413840791,0.7224278017300989
19,3,3,11,24,88,5.775627328234654,0.7219534160293317
19,3,3,13,24,104,5.775721523775509,0.7219651904719386
19,3,3,17,24,136,5.779264278621382,0.7224080348276728
19,3,3,19,24,152,5.774369829248721,0.7217962286560902
19,3,5,7,40,56,5.775089106611784,0.721886138326473
19,3,5,9,40,72,5.777295798767988,0.7221619748459985
19,3,5,11,40,88,5.7741255621799805,0.7217656952724976
19,3,5,13,40,104,5.786910305322729,0.7233637881653411
19,3,5,17,40,136,5.811701351040509,0.7264626688800636
19,3,5,19,40,152,5.77163170408579,0.7214539630107237
19,3,7,9,56,72,5.890733063280285,0.7363416329100356
19,3,7,11,56,88,5.772998344135181,0.7216247930168976
19,3,7,13,56,104,5.7853155630733974,0.7231644453841747
19,3,7,15,56,120,5.773933226692959,0.7217416533366199
19,3,7,17,56,136,5.769906358583556,0.7212382948229445
19,3,7,19,56,152,5.774521456867785,0.7218151821084732
19,3,9,11,72,88,5.770090519933033,0.7212613149916292
19,3,9,13,72,104,5.782704769485396,0.7228380961856745
19,3,9,17,72,136,5.771005044021072,0.721375630502634
19,3,9,19,72,152,5.7736718594928025,0.7217089824366003
19,3,11,13,88,104,5.769343356603403,0.7211679195754254
19,3,11,15,88,120,5.766202918229543,0.7207753647786929
19,3,11,17,88,136,5.765898037848806,0.7207372547311007
19,3,11,19,88,152,5.768907739995377,0.7211134674994222
19,3,13,15,104,120,5.779808811384805,0.7224761014231006
19,3,13,17,104,136,5.7718354672781516,0.7214794334097689
19,3,13,19,104,152,5.768772951052236,0.7210966188815295
19,3,15,17,120,136,6.119715377052128,0.764964422131516
19,4,3,5,48,80,15.204742183616244,0.9502963864760152
19,4,3,7,48,112,15.2029137746819,0.9501821109176187
19,4,3,11,48,176,15.188813694253298,0.9493008558908311
19,4,3,13,48,208,15.18855280240512,0.94928455015032
19,4,3,17,48,272,15.202726683362823,0.9501704177101764
19,4,3,19,48,304,15.183235065970626,0.9489521916231641
19,4,5,7,80,112,15.187552239711245,0.9492220149819528
19,4,5,9,80,144,15.196257852780036,0.9497661157987523
19,4,5,11,80,176,15.184808033114145,0.949050502069634
19,4,5,13,80,208,15.220962248545936,0.951310140534121
19,4,5,17,80,272,15.32828854113093,0.9580180338206832
19,4,5,19,80,304,15.171698017749943,0.9482311261093714
19,4,7,9,112,144,15.534156299550938,0.9708847687219336
19,4,7,11,112,176,15.180509537698722,0.9487818461061701
19,4,7,13,112,208,15.229011032642507,0.9518131895401567
19,4,7,15,112,240,15.179551442929,0.9487219651830625
19,4,7,17,112,272,15.167731111544848,0.947983194471553
19,4,7,19,112,304,15.183787788088273,0.948986736755517
19,4,9,11,144,176,15.167676670453485,0.9479797919033428
19,4,9,13,144,208,15.214282595638835,0.9508926622274272
19,4,9,17,144,272,15.171019338579368,0.9481887086612105
19,4,9,19,144,304,15.176770254315779,0.9485481408947362
19,4,11,13,176,208,15.160152247607742,0.9475095154754839
19,4,11,15,176,240,15.151415826704586,0.9469634891690366
19,4,11,17,176,272,15.14993218237133,0.9468707613982081
19,4,11,19,176,304,15.16769194925065,0.9479807468281656
19,4,13,15,208,240,15.188602174002535,0.9492876358751584
19,4,13,17,208,272,15.17643617659387,0.9485272610371168
19,4,13,19,208,304,15.16147489224065,0.9475921807650406
19,4,15,17,240,272,16.281073386673775,1.017567086667111
19,5,3,5,96,160,23.05292737742991,0.7204039805446847
19,5,3,7,96,224,23.058759690915963,0.7205862403411238
19,5,3,11,96,352,23.015211798551153,0.7192253687047235
19,5,3,13,96,416,23.010579264917567,0.719080602028674
19,5,3,17,96,544,23.041478269050348,0.7200461959078234
19,5,3,19,96,608,22.994703421709833,0.7185844819284323
19,5,5,7,160,224,22.994738372795652,0.7185855741498641
19,5,5,9,160,288,23.019541477266888,0.7193606711645902
19,5,5,11,160,352,22.993721686860923,0.7185538027144038
19,5,5,13,160,416,23.121444829089956,0.7225451509090611
19,5,5,17,160,544,23.28243012894166,0.7275759415294268
19,5,5,19,160,608,22.948537464265293,0.7171417957582904
19,5,7,9,224,288,23.973538885108024,0.7491730901596257
19,5,7,11,224,352,22.97779089275863,0.7180559653987072
19,5,7,13,224,416,23.1001035997009,0.7218782374906532
19,5,7,15,224,480,22.966791077450722,0.7177122211703351
19,5,7,17,224,544,22.910492091407832,0.7159528778564948
19,5,7,19,224,608,23.022566423003155,0.7194552007188486
19,5,9,11,288,352,22.94033697286701,0.716885530402094
19,5,9,13,288,416,23.080194396097497,0.7212560748780468
19,5,9,17,288,544,22.92063087033696,0.71626971469803
19,5,9,19,288,608,23.01797200135975,0.7193116250424922
19,5,11,13,352,416,22.95830958848585,0.7174471746401828
19,5,11,15,352,480,22.87846623476177,0.7149520698363053
19,5,11,17,352,544,22.865381754691267,0.7145431798341021
19,5,11,19,352,608,22.948532147279213,0.7171416296024754
19,5,13,15,416,480,22.990165697492646,0.7184426780466452
19,5,13,17,416,544,22.948129309002823,0.7171290409063382
19,5,13,19,416,608,22.960316302214476,0.7175098844442024
19,5,15,17,480,544,25.479934979087822,0.7962479680964945
19,6,3,5,192,320,60.69542771383132,0.9483660580286144
19,6,3,7,192,448,60.67285814724236,0.9480134085506619
19,6,3,11,192,704,60.51159512588209,0.9454936738419076
19,6,3,13,192,832,60.532115392714175,0.945814303011159
19,6,3,17,192,1088,60.598314006541926,0.9468486563522176
19,6,3,19,192,1216,60.4998020306485,0.9453094067288829
19,6,5,7,320,448,60.47317597515581,0.9448933746118096
19,6,5,9,320,576,60.58480853718052,0.9466376333934456
19,6,5,11,320,704,60.45801205603995,0.9446564383756242
19,6,5,13,320,832,60.900803396065015,0.9515750530635159
19,6,5,17,320,1088,61.56683630740788,0.9619818173032482
19,6,5,19,320,1216,60.33643945714165,0.9427568665178383
19,6,7,9,448,576,63.59845130098592,0.993725801577905
19,6,7,11,448,704,60.423083604365665,0.9441106813182135
19,6,7,13,448,832,60.98086865482317,0.952826072731612
19,6,7,15,448,960,60.33738049022584,0.9427715701597787
19,6,7,17,448,1088,60.1531235815214,0.9398925559612719
19,6,7,19,448,1216,60.52807509616039,0.9457511733775061
19,6,9,11,576,704,60.28384947661285,0.9419351480720758
19,6,9,13,576,832,60.78067629195875,0.9496980670618554
19,6,9,17,576,1088,60.18119801579941,0.9403312189968658
19,6,9,19,576,1216,60.43503943554917,0.9442974911804558
19,6,11,13,704,832,60.24328383155776,0.94130130986809
19,6,11,15,704,960,60.010004673749215,0.9376563230273315
19,6,11,17,704,1088,59.90717017619869,0.9360495340031045
19,6,11,19,704,1216,60.42098647371493,0.9440779136517958
19,6,13,15,832,960,60.41126250983997,0.9439259767162496
19,6,13,17,832,1088,60.25920773920033,0.9415501209250051
19,6,13,19,832,1216,60.536522683176564,0.9458831669246338
19,6,15,17,960,1088,68.2104467728806,1.0657882308262594
20,0,3,5,3,5,1.0000443660102034,1.0000443660102034
20,0,3,7,3,7,1.0000319521105059,1.0000319521105059
20,0,3,11,3,11,0.9999949195713921,0.9999949195713921
20,0,3,13,3,13,0.9999859061295167,0.9999859061295167
20,0,3,17,3,17,1.0000249737358415,1.0000249737358415
20,0,3,19,3,19,0.9999810273404929,0.9999810273404929
20,0,5,7,5,7,0.9999819416028932,0.9999819416028932
20,0,5,9,5,9,1.0000312623191692,1.0000312623191692
20,0,5,11,5,11,0.9999795860919979,0.9999795860919979
20,0,5,13,5,13,1.0001383476500845,1.0001383476500845
20,0,5,17,5,17,1.0004345097215421,1.0004345097215421
20,0,5,19,5,19,0.9999555606804879,0.9999555606804879
20,0,7,9,7,9,1.0019536004130782,1.0019536004130782
20,0,7,11,7,11,0.9999632234213169,0.9999632234213169
20,0,7,13,7,13,1.0001403369387047,1.0001403369387047
20,0,7,15,7,15,0.9999878870890588,0.9999878870890588
20,0,7,17,7,17,0.9999238080022852,0.9999238080022852
20,0,7,19,7,19,0.9999812337491377,0.9999812337491377
20,0,9,11,9,11,0.9999527822530306,0.9999527822530306
20,0,9,13,9,13,1.000155679859036,1.000155679859036
20,0,9,17,9,17,0.9999516432438623,0.9999516432438623
20,0,9,19,9,19,0.9999731071273051,0.9999731071273051
20,0,11,13,11,13,0.9999150945489137,0.9999150945489137
20,0,11,15,11,15,0.9999069226967108,0.9999069226967108
20,0,11,17,11,17,0.999900400476432,0.999900400476432
20,0,11,19,11,19,0.9999142849206992,0.9999142849206992
20,0,13,15,13,15,1.0000765251716541,1.0000765251716541
20,0,13,17,13,17,0.9999074249769171,0.9999074249769171
20,0,13,19,13,19,0.9999404259276725,0.9999404259276725
20,0,15,17,15,17,1.0052068078346206,1.0052068078346206
20,1,3,5,6,10,1.461065536461395,0.7305327682306975
20,1,3,7,6,14,1.4611494153678493,0.7305747076839246
20,1,3,11,6,22,1.4609772719589724,0.7304886359794862
20,1,3,13,6,26,1.460931217895746,0.730465608947873
20,1,3,17,6,34,1.461075324231786,0.730537662115893
20,1,3,19,6,38,1.4609295495678132,0.7304647747839066
20,1,5,7,10,14,1.4609377725960115,0.7304688862980058
20,1,5,9,10,18,1.4610096716783034,0.7305048358391517
20,1,5,11,10,22,1.4609037498421626,0.7304518749210813
20,1,5,13,10,26,1.4614846725906268,0.7307423362953134
20,1,5,17,10,34,1.4621215543062878,0.7310607771531439
20,1,5,19,10,38,1.4608156578035578,0.7304078289017789
20,1,7,9,14,18,1.4667335027217376,0.7333667513608688
20,1,7,11,14,22,1.4608771941605927,0.7304385970802963
20,1,7,13,14,26,1.4612580584164205,0.7306290292082103
20,1,7,15,14,30,1.4609688469624122,0.7304844234812061
20,1,7,17,14,34,1.460736243250181,0.7303681216250905
20,1,7,19,14,38,1.4609057699898138,0.7304528849949069
20,1,9,11,18,22,1.4608123435493237,0.7304061717746618
20,1,9,13,18,26,1.461335128126781,0.7306675640633905
20,1,9,17,18,34,1.4607937315262054,0.7303968657631027
20,1,9,19,18,38,1.4608283396779005,0.7304141698389502
20,1,11,13,22,26,1.4606955693776225,0.7303477846888112
20,1,11,15,22,30,1.4606159828739125,0.7303079914369562
20,1,11,17,22,34,1.4606152308992588,0.7303076154496294
20,1,11,19,22,38,1.4607133723742027,0.7303566861871014
20,1,13,15,26,30,1.4612276204467896,0.7306138102233948
20,1,13,17,26,34,1.460669966912855,0.7303349834564274
20,1,13,19,26,38,1.460639437471406,0.730319718735703
20,1,15,17,30,34,1.479428916612063,0.7397144583060316
20,2,3,5,12,20,3.8444993804616026,0.9611248451154006
20,2,3,7,12,28,3.844525841152554,0.9611314602881385
20,2,3,11,12,44,3.844022703614707,0.9610056759036768
20,2,3,13,12,52,3.843816646650588,0.960954161662647
20,2,3,17,12,68,3.8444280780692672,0.9611070195173168
20,2,3,19,12,76,3.8437893249101904,0.9609473312275476
20,2,5,7,20,28,3.8437868765677523,0.9609467191419381
20,2,5,9,20,36,3.844296928750218,0.9610742321875545
20,2,5,11,20,44,3.843737618654087,0.9609344046635218
20,2,5,13,20,52,3.8452188896176756,0.9613047224044189
20,2,5,17,20,68,3.8487667151295923,0.9621916787823981
20,2,5,19,20,76,3.8433622251750386,0.9608405562937596
20,2,7,9,28,36,3.861708626850125,0.9654271567125312
20,2,7,11,28,44,3.843674376800582,0.9609185942001455
20,2,7,13,28,52,3.8455809609629386,0.9613952402407346
20,2,7,15,28,60,3.84384585497283,0.9609614637432075
20,2,7,17,28,68,3.843105870289454,0.9607764675723635
20,2,7,19,28,76,3.8435779274411885,0.9608944818602971
20,2,9,11,36,44,3.8433960804865115,0.9608490201216279
20,2,9,13,36,52,3.845532612345973,0.9613831530864932
20,2,9,17,36,68,3.8433768019240278,0.9608442004810069
20,2,9,19,36,76,3.843259186074159,0.9608147965185397
20,2,11,13,44,52,3.842797275279724,0.960699318819931
20,2,11,15,44,60,3.8427073442867323,0.9606768360716831
20,2,11,17,44,68,3.842656922329995,0.9606642305824987
20,2,11,19,44,76,3.843025996477474,0.9607564991193684
20,2,13,15,52,60,3.844382279791047,0.9610955699477618
20,2,13,17,52,68,3.8429416611678238,0.9607354152919559
20,2,13,19,52,76,3.842835145176276,0.960708786294069
20,2,15,17,60,68,3.9020340030696623,0.9755085007674156
20,3,3,5,24,40,5.778593221369884,0.7223241526712355
20,3,3,7,24,56,5.778482356730526,0.7223102945913158
20,3,3,11,24,88,5.776447914360475,0.7220559892950594
20,3,3,13,24,104,5.776204183560198,0.7220255229450248
20,3,3,17,24,136,5.778118637350573,0.7222648296688217
20,3,3,19,24,152,5.77533278065013,0.7219165975812663
20,3,5,7,40,56,5.7758837862178565,0.7219854732772321
20,3,5,9,40,72,5.77757614249399,0.7221970178117487
20,3,5,11,40,88,5.775527185976246,0.7219408982470308
20,3,5,13,40,104,5.7815784269656625,0.7226973033707078
20,3,5,17,40,136,5.794092653360371,0.7242615816700464
20,3,5,19,40,152,5.77399578400093,0.7217494730001163
20,3,7,9,56,72,5.825082678292974,0.7281353347866217
20,3,7,11,56,88,5.775133832435193,0.7218917290543991
20,3,7,13,56,104,5.780275620038589,0.7225344525048236
20,3,7,15,56,120,5.775718074011595,0.7219647592514494
20,3,7,17,56,136,5.773211263075726,0.7216514078844658
20,3,7,19,56,152,5.775525014366823,0.7219406267958529
20,3,9,11,72,88,5.773721007526773,0.7217151259408466
20,3,9,13,72,104,5.780983396741476,0.7226229245926845
20,3,9,17,72,136,5.773950639601281,0.7217438299501602
20,3,9,19,72,152,5.774578734931849,0.7218223418664811
20,3,11,13,88,104,5.773003510310653,0.7216254387888317
20,3,11,15,88,120,5.7717496997216,0.7214687124652
20,3,11,17,88,136,5.771343200536211,0.7214179000670263
20,3,11,19,88,152,5.772440592162741,0.7215550740203426
20,3,13,15,104,120,5.778084013990826,0.7222605017488533
20,3,13,17,104,136,5.773083076512219,0.7216353845640274
20,3,13,19,104,152,5.77293740703948,0.721617175879935
20,3,15,17,120,136,5.990773503973152,0.748846687996644
20,4,3,5,48,80,15.199744913431758,0.9499840570894849
20,4,3,7,48,112,15.200334583279702,0.9500209114549814
20,4,3,11,48,176,15.192696804882067,0.9495435503051292
20,4,3,13,48,208,15.193270854737202,0.9495794284210751
20,4,3,17,48,272,15.198416181359146,0.9499010113349466
20,4,3,19,48,304,15.190716727468972,0.9494197954668108
20,4,5,7,80,112,15.191408077121551,0.9494630048200969
20,4,5,9,80,144,15.195342752976424,0.9497089220610265
20,4,5,11,80,176,15.189666669990805,0.9493541668744253
20,4,5,13,80,208,15.211036167949375,0.950689760496836
20,4,5,17,80,272,15.254982140758043,0.9534363837973777
20,4,5,19,80,304,15.184937415130529,0.949058588445658
20,4,7,9,112,144,15.341334804815324,0.9588334253009577
20,4,7,11,112,176,15.188126246475436,0.9492578904047148
20,4,7,13,112,208,15.214057840509797,0.9508786150318623
20,4,7,15,112,240,15.19034928511104,0.94939683031944
20,4,7,17,112,272,15.183190239638032,0.948949389977377
20,4,7,19,112,304,15.192161168403059,0.9495100730251912
20,4,9,11,144,176,15.181801327834153,0.9488625829896346
20,4,9,13,144,208,15.209403330007937,0.9505877081254961
20,4,9,17,144,272,15.182442245123047,0.9489026403201904
20,4,9,19,144,304,15.184879910174786,0.9490549943859241
20,4,11,13,176,208,15.17791688691792,0.94861980543237
20,4,11,15,176,240,15.174816019037399,0.9484260011898374
20,4,11,17,176,272,15.17375053718892,0.9483594085743074
20,4,11,19,176,304,15.18105469121987,0.9488159182012419
20,4,13,15,208,240,15.195914533684967,0.9497446583553104
20,4,13,17,208,272,15.186724438246651,0.9491702773904157
20,4,13,19,208,304,15.181925835434415,0.9488703647146509
20,4,15,17,240,272,15.963932712289289,0.9977457945180805
20,5,3,5,96,160,23.03540261003551,0.7198563315636097
20,5,3,7,96,224,23.057169670886342,0.7205365522151982
20,5,3,11,96,352,23.019182202744396,0.7193494438357624
20,5,3,13,96,416,23.017504601226467,0.7192970187883271
20,5,3,17,96,544,23.029877131850554,0.7196836603703298
20,5,3,19,96,608,23.007284152215433,0.7189776297567323
20,5,5,7,160,224,23.016788253833493,0.7192746329322967
20,5,5,9,160,288,23.018869580975174,0.7193396744054742
20,5,5,11,160,352,23.00963026499509,0.7190509457810965
20,5,5,13,160,416,23.084969619903184,0.7214053006219745
20,5,5,17,160,544,23.149003154875,0.7234063485898438
20,5,5,19,160,608,22.983616516973925,0.7182380161554351
20,5,7,9,224,288,23.44786775033989,0.7327458671981215
20,5,7,11,224,352,23.004441178702713,0.7188887868344598
20,5,7,13,224,416,23.06566896595755,0.7208021551861734
20,5,7,15,224,480,23.008571561352117,0.7190178612922536
20,5,7,17,224,544,22.978344431564953,0.7180732634864048
20,5,7,19,224,608,23.03195367861636,0.7197485524567613
20,5,9,11,288,352,22.977160871769517,0.7180362772427974
20,5,9,13,288,416,23.05107988997343,0.7203462465616697
20,5,9,17,288,544,22.964042085319935,0.717626315166248
20,5,9,19,288,608,23.01881629283963,0.7193380091512385
20,5,11,13,352,416,22.98540447640645,0.7182938898877016
20,5,11,15,352,480,22.950894171537712,0.7172154428605535
20,5,11,17,352,544,22.945156148321004,0.7170361296350314
20,5,11,19,352,608,22.975159666353747,0.7179737395735546
20,5,13,15,416,480,23.016386774231034,0.7192620866947198
20,5,13,17,416,544,22.97096067079811,0.7178425209624409
20,5,13,19,416,608,22.989029323366587,0.7184071663552059
20,5,15,17,480,544,24.57916567383299,0.7680989273072809
20,6,3,5,192,320,60.63697034570947,0.9474526616517105
20,6,3,7,192,448,60.65228255273742,0.9476919148865222
20,6,3,11,192,704,60.57092589119459,0.9464207170499155
20,6,3,13,192,832,60.55640104079817,0.9461937662624714
20,6,3,17,192,1088,60.58137644047922,0.9465840068824878
20,6,3,19,192,1216,60.5387746161977,0.945918353378089
20,6,5,7,320,448,60.523161519204095,0.945674398737564
20,6,5,9,320,576,60.58253792431294,0.9466021550673897
20,6,5,11,320,704,60.52847287710759,0.9457573887048061
20,6,5,13,320,832,60.764358573391014,0.9494431027092346
20,6,5,17,320,1088,61.04393087317402,0.9538114198933441
20,6,5,19,320,1216,60.438711044435976,0.9443548600693121
20,6,7,9,448,576,61.85651836831504,0.9665080995049224
20,6,7,11,448,704,60.51841332045215,0.9456002081320648
20,6,7,13,448,832,60.74708313555246,0.9491731739930072
20,6,7,15,448,960,60.47518860243356,0.9449248219130244
20,6,7,17,448,1088,60.385016630434734,0.9435158848505427
20,6,7,19,448,1216,60.564782778241465,0.9463247309100229
20,6,9,11,576,704,60.43292980566959,0.9442645282135873
20,6,9,13,576,832,60.68192817290507,0.9481551277016417
20,6,9,17,576,1088,60.34164823270186,0.9428382536359665
20,6,9,19,576,1216,60.51538791399443,0.945552936156163
20,6,11,13,704,832,60.40902554503911,0.943891024141236
20,6,11,15,704,960,60.3166064522125,0.9424469758158203
20,6,11,17,704,1088,60.27255080953967,0.9417586063990574
20,6,11,19,704,1216,60.459422469305,0.9446784760828906
20,6,13,15,832,960,60.497061782225074,0.9452665903472668
20,6,13,17,832,1088,60.31994825292859,0.9424991914520092
20,6,13,19,832,1216,60.561418557522806,0.9462721649612938
20,6,15,17,960,1088,65.10684211244929,1.01729440800702
21,0,3,5,3,5,1.0000305752963086,1.0000305752963086
21,0,3,7,3,7,1.0000158183583947,1.0000158183583947
21,0,3,11,3,11,0.9999961449596247,0.9999961449596247
21,0,3,13,3,13,0.999994041848884,0.999994041848884
21,0,3,17,3,17,1.0000220707363745,1.0000220707363745
21,0,3,19,3,19,0.9999874215057561,0.9999874215057561
21,0,5,7,5,7,0.9999919338467906,0.9999919338467906
21,0,5,9,5,9,1.0000217042519703,1.0000217042519703
21,0,5,11,5,11,0.9999876273696734,0.9999876273696734
21,0,5,13,5,13,1.0000870535208612,1.0000870535208612
21,0,5,17,5,17,1.0003700238632385,1.0003700238632385
21,0,5,19,5,19,0.9999752804512929,0.9999752804512929
21,0,7,9,7,9,1.0021084499715933,1.0021084499715933
21,0,7,11,7,11,0.9999806515243723,0.9999806515243723
21,0,7,13,7,13,1.0000953153550314,1.0000953153550314
21,0,7,15,7,15,0.9999918669603483,0.9999918669603483
21,0,7,17,7,17,0.9999603565860398,0.9999603565860398
21,0,7,19,7,19,1.0000074332647577,1.0000074332647577
21,0,9,11,9,11,0.9999708612651145,0.9999708612651145
21,0,9,13,9,13,1.0000751784799178,1.0000751784799178
21,0,9,17,9,17,0.9999819082707343,0.9999819082707343
21,0,9,19,9,19,0.9999943083618985,0.9999943083618985
21,0,11,13,11,13,0.9999541965920031,0.9999541965920031
21,0,11,15,11,15,0.9999513159303011,0.9999513159303011
21,0,11,17,11,17,0.9999500123437954,0.9999500123437954
21,0,11,19,11,19,0.999946785051106,0.999946785051106
21,0,13,15,13,15,1.0000557848341913,1.0000557848341913
21,0,13,17,13,17,0.9999669727620203,0.9999669727620203
21,0,13,19,13,19,0.9999719378591445,0.9999719378591445
21,0,15,17,15,17,1.0048232474399084,1.0048232474399084
21,1,3,5,6,10,1.461101809576141,0.7305509047880705
21,1,3,7,6,14,1.4610796684871503,0.7305398342435752
21,1,3,11,6,22,1.46099916355239,0.730499581776195
21,1,3,13,6,26,1.4609776272828405,0.7304888136414203
21,1,3,17,6,34,1.4610725239779059,0.7305362619889529
21,1,3,19,6,38,1.4609679485008957,0.7304839742504479
21,1,5,7,10,14,1.4609768521893303,0.7304884260946651
21,1,5,9,10,18,1.461067805490634,0.730533902745317
21,1,5,11,10,22,1.4609639495534255,0.7304819747767127
21,1,5,13,10,26,1.4613207464196096,0.7306603732098048
21,1,5,17,10,34,1.4619432860074228,0.7309716430037114
21,1,5,19,10,38,1.4609178024536214,0.7304589012268107
21,1,7,9,14,18,1.4666072604380007,0.7333036302190004
21,1,7,11,14,22,1.4609397282487762,0.7304698641243881
21,1,7,13,14,26,1.4612226363256398,0.7306113181628199
21,1,7,15,14,30,1.4609928455753731,0.7304964227876866
21,1,7,17,14,34,1.4608512898482104,0.7304256449241052
21,1,7,19,14,38,1.4609786900718411,0.7304893450359206
21,1,9,11,18,22,1.4609077622459894,0.7304538811229947
21,1,9,13,18,26,1.4612364611031199,0.7306182305515599
21,1,9,17,18,34,1.4609210581959027,0.7304605290979513
21,1,9,19,18,38,1.4609405101921686,0.7304702550960843
21,1,11,13,22,26,1.460834640006735,0.7304173200033675
21,1,11,15,22,30,1.4608131392587922,0.7304065696293961
21,1,11,17,22,34,1.4607950773512284,0.7303975386756142
21,1,11,19,22,38,1.460826047574757,0.7304130237873785
21,1,13,15,26,30,1.461208199912108,0.730604099956054
21,1,13,17,26,34,1.4608756956857853,0.7304378478428927
21,1,13,19,26,38,1.4608341276708703,0.7304170638354351
21,1,15,17,30,34,1.4743259685571461,0.7371629842785731
21,2,3,5,12,20,3.844402472113747,0.9611006180284367
21,2,3,7,12,28,3.844259075314349,0.9610647688285873
21,2,3,11,12,44,3.843986258979126,0.9609965647447815
21,2,3,13,12,52,3.8439306448706656,0.9609826612176664
21,2,3,17,12,68,3.844326461690393,0.9610816154225983
21,2,3,19,12,76,3.8439046392569125,0.9609761598142281
21,2,5,7,20,28,3.8439267606133236,0.9609816901533309
21,2,5,9,20,36,3.844298972189584,0.961074743047396
21,2,5,11,20,44,3.843847640018025,0.9609619100045063
21,2,5,13,20,52,3.8449227098725784,0.9612306774681446
21,2,5,17,20,68,3.8477693356411193,0.9619423339102798
21,2,5,19,20,76,3.843719775492721,0.9609299438731802
21,2,7,9,28,36,3.86058922336294,0.965147305840735
21,2,7,11,28,44,3.8437631431860146,0.9609407857965037
21,2,7,13,28,52,3.8452348612742497,0.9613087153185624
21,2,7,15,28,60,3.8438728892648206,0.9609682223162052
21,2,7,17,28,68,3.843511643173201,0.9608779107933002
21,2,7,19,28,76,3.8439029114814014,0.9609757278703503
21,2,9,11,36,44,3.843655256609825,0.9609138141524562
21,2,9,13,36,52,3.8449950533864934,0.9612487633466233
21,2,9,17,36,68,3.8437684561124925,0.9609421140281231
21,2,9,19,36,76,3.8437438823040697,0.9609359705760174
21,2,11,13,44,52,3.8433147846377698,0.9608286961594424
21,2,11,15,44,60,3.8432399287647616,0.9608099821911904
21,2,11,17,44,68,3.843239245983768,0.960809811495942
21,2,11,19,44,76,3.8433438353684943,0.9608359588421236
21,2,13,15,52,60,3.844468947928119,0.9611172369820298
21,2,13,17,52,68,3.843613276157696,0.960903319039424
21,2,13,19,52,76,3.843515679881811,0.9608789199704527
21,2,15,17,60,68,3.882241244004056,0.970560311001014
21,3,3,5,24,40,5.777837965437537,0.7222297456796921
21,3,3,7,24,56,5.7778261439741465,0.7222282679967683
21,3,3,11,24,88,5.776801042621339,0.7221001303276674
21,3,3,13,24,104,5.776428069493441,0.7220535086866802
21,3,3,17,24,136,5.777752991699157,0.7222191239623946
21,3,3,19,24,152,5.77630794382206,0.7220384929777575
21,3,5,7,40,56,5.77643998257276,0.722054997821595
21,3,5,9,40,72,5.777372166068398,0.7221715207585497
21,3,5,11,40,88,5.776228993177807,0.7220286241472259
21,3,5,13,40,104,5.7798158207762,0.722476977597025
21,3,5,17,40,136,5.786985912155191,0.7233732390193989
21,3,5,19,40,152,5.775508663248893,0.7219385829061116
21,3,7,9,56,72,5.823248909172378,0.7279061136465472
21,3,7,11,56,88,5.775998350065011,0.7219997937581264
21,3,7,13,56,104,5.779470914941904,0.722433864367738
21,3,7,15,56,120,5.776472412241128,0.722059051530141
21,3,7,17,56,136,5.774882045822178,0.7218602557277722
21,3,7,19,56,152,5.7758807266010175,0.7219850908251272
21,3,9,11,72,88,5.775459427944426,0.7219324284930533
21,3,9,13,72,104,5.778823263369545,0.7223529079211931
21,3,9,17,72,136,5.7755660930645005,0.7219457616330626
21,3,9,19,72,152,5.775164260506229,0.7218955325632787
21,3,11,13,88,104,5.7745587899783635,0.7218198487472954
21,3,11,15,88,120,5.774006360586141,0.7217507950732677
21,3,11,17,88,136,5.77397834426955,0.7217472930336938
21,3,11,19,88,152,5.774781959182291,0.7218477448977864
21,3,13,15,104,120,5.778144650282277,0.7222680812852846
21,3,13,17,104,136,5.775032652323718,0.7218790815404648
21,3,13,19,104,152,5.7740159595796205,0.7217519949474526
21,3,15,17,120,136,5.917979111464032,0.739747388933004
21,4,3,5,48,80,15.198655165488194,0.9499159478430121
21,4,3,7,48,112,15.196878216230715,0.9498048885144197
21,4,3,11,48,176,15.193916428378753,0.949619776773672
21,4,3,13,48,208,15.193337369469415,0.9495835855918384
21,4,3,17,48,272,15.198544767058765,0.9499090479411728
21,4,3,19,48,304,15.19166869915154,0.9494792936969713
21,4,5,7,80,112,15.1925223288916,0.949532645555725
21,4,5,9,80,144,15.19658443502413,0.9497865271890081
21,4,5,11,80,176,15.192048033655762,0.9495030021034851
21,4,5,13,80,208,15.204139074082914,0.9502586921301821
21,4,5,17,80,272,15.240097784079815,0.9525061115049884
21,4,5,19,80,304,15.188605491011328,0.949287843188208
21,4,7,9,112,144,15.339889195370198,0.9587430747106374
21,4,7,11,112,176,15.190854173070498,0.9494283858169061
21,4,7,13,112,208,15.207965739900008,0.9504978587437505
21,4,7,15,112,240,15.191846367375216,0.949490397960951
21,4,7,17,112,272,15.187109682629734,0.9491943551643583
21,4,7,19,112,304,15.189637923476004,0.9493523702172503
21,4,9,11,144,176,15.188607854210566,0.9492879908881604
21,4,9,13,144,208,15.203226652152978,0.9502016657595611
21,4,9,17,144,272,15.190146809190608,0.949384175574413
21,4,9,19,144,304,15.187026062742511,0.9491891289214069
21,4,11,13,176,208,15.184898638389194,0.9490561648993247
21,4,11,15,176,240,15.183711638202057,0.9489819773876286
21,4,11,17,176,272,15.183166646034035,0.9489479153771272
21,4,11,19,176,304,15.185736605413895,0.9491085378383685
21,4,13,15,208,240,15.197498390257566,0.9498436493910979
21,4,13,17,208,272,15.189962475043027,0.9493726546901892
21,4,13,19,208,304,15.183591314682376,0.9489744571676485
21,4,15,17,240,272,15.656563485746187,0.9785352178591367
21,5,3,5,96,160,23.04230616336657,0.7200720676052053
21,5,3,7,96,224,23.041664389346998,0.7200520121670937
21,5,3,11,96,352,23.02638737659602,0.7195746055186256
21,5,3,13,96,416,23.026846517836837,0.7195889536824012
21,5,3,17,96,544,23.0409844447485,0.7200307638983906
21,5,3,19,96,608,23.021379717005217,0.719418116156413
21,5,5,7,160,224,23.024283340497664,0.719508854390552
21,5,5,9,160,288,23.03301882845503,0.7197818383892197
21,5,5,11,160,352,23.020390144897203,0.7193871920280376
21,5,5,13,160,416,23.071404797003378,0.7209813999063556
21,5,5,17,160,544,23.17011742516561,0.7240661695364253
21,5,5,19,160,608,23.010472103621566,0.719077253238174
21,5,7,9,224,288,23.48448672361344,0.73389021011292
21,5,7,11,224,352,23.015937007603775,0.719248031487618
21,5,7,13,224,416,23.065163159664806,0.7207863487395252
21,5,7,15,224,480,23.019632592669588,0.7193635185209246
21,5,7,17,224,544,23.003595886807997,0.7188623714627499
21,5,7,19,224,608,23.021960633319953,0.7194362697912485
21,5,9,11,288,352,23.00429600073769,0.7188842500230528
21,5,9,13,288,416,23.054893887282905,0.7204654339775908
21,5,9,17,288,544,23.008016724457878,0.7190005226393087
21,5,9,19,288,608,23.018471083104604,0.7193272213470189
21,5,11,13,352,416,23.001236771630477,0.7187886491134524
21,5,11,15,352,480,22.988646230638462,0.718395194707452
21,5,11,17,352,544,22.98745104301606,0.7183578450942518
21,5,11,19,352,608,22.999292248125958,0.7187278827539362
21,5,13,15,416,480,23.04303438757384,0.7200948246116825
21,5,13,17,416,544,23.011415049992625,0.7191067203122695
21,5,13,19,416,608,22.998925060678516,0.7187164081462036
21,5,15,17,480,544,24.404485412504595,0.7626401691407686
21,6,3,5,192,320,60.62981914568581,0.9473409241513407
21,6,3,7,192,448,60.62271924169102,0.9472299881514222
21,6,3,11,192,704,60.5662339707808,0.94634740579345
21,6,3,13,192,832,60.5650533216892,0.9463289581513937
21,6,3,17,192,1088,60.621658325904825,0.9472134113422629
21,6,3,19,192,1216,60.543772836230474,0.9459964505661012
21,6,5,7,320,448,60.5610735533904,0.946266774271725
21,6,5,9,320,576,60.595810348227516,0.9468095366910549
21,6,5,11,320,704,60.550026492837034,0.9460941639505787
21,6,5,13,320,832,60.69444276672495,0.9483506682300773
21,6,5,17,320,1088,61.12195574004982,0.9550305584382784
21,6,5,19,320,1216,60.49760611010741,0.9452750954704283
21,6,7,9,448,576,61.94278972909008,0.9678560895170325
21,6,7,11,448,704,60.533167746471605,0.9458307460386188
21,6,7,13,448,832,60.7265962626376,0.9488530666037125
21,6,7,15,448,960,60.52916767685228,0.9457682449508169
21,6,7,17,448,1088,60.48149728293261,0.945023395045822
21,6,7,19,448,1216,60.54583100740734,0.9460286094907396
21,6,9,11,576,704,60.48170738265445,0.9450266778539758
21,6,9,13,576,832,60.66782074899591,0.9479346992030611
21,6,9,17,576,1088,60.49495851918177,0.9452337268622152
21,6,9,19,576,1216,60.51752657099016,0.9455863526717212
21,6,11,13,704,832,60.45132464659137,0.9445519476029901
21,6,11,15,704,960,60.416468994549845,0.9440073280398413
21,6,11,17,704,1088,60.410208515450016,0.9439095080539065
21,6,11,19,704,1216,60.48078072061614,0.9450121987596272
21,6,13,15,832,960,60.56511497501666,0.9463299214846354
21,6,13,17,832,1088,60.517095898299615,0.9455796234109315
21,6,13,19,832,1216,60.45602145785737,0.9446253352790214
21,6,15,17,960,1088,64.93993382935227,1.0146864660836292
22,0,3,5,3,5,1.0000119122959619,1.0000119122959619
22,0,3,7,3,7,1.0000094547745633,1.0000094547745633
22,0,3,11,3,11,0.9999974729141812,0.9999974729141812
22,0,3,13,3,13,0.9999938851934439,0.9999938851934439
22,0,3,17,3,17,1.0000096309843742,1.0000096309843742
22,0,3,19,3,19,0.9999914492946519,0.9999914492946519
22,0,5,7,5,7,0.9999939012268045,0.9999939012268045
22,0,5,9,5,9,1.0000075955927206,1.0000075955927206
22,0,5,11,5,11,0.999992353764304,0.999992353764304
22,0,5,13,5,13,1.0000464945211176,1.0000464945211176
22,0,5,17,5,17,1.0001728906595773,1.0001728906595773
22,0,5,19,5,19,0.9999840899129526,0.9999840899129526
22,0,7,9,7,9,1.000877840957947,1.000877840957947
22,0,7,11,7,11,0.9999888007876258,0.9999888007876258
22,0,7,13,7,13,1.00003828413651,1.00003828413651
22,0,7,15,7,15,0.9999967986049008,0.9999967986049008
22,0,7,17,7,17,0.9999791171559452,0.9999791171559452
22,0,7,19,7,19,0.9999998553814627,0.9999998553814627
22,0,9,11,9,11,0.9999850472884068,0.9999850472884068
22,0,9,13,9,13,1.0000401035733757,1.0000401035733757
22,0,9,17,9,17,0.999989739506416,0.999989739506416
22,0,9,19,9,19,0.9999975381025117,0.9999975381025117
22,0,11,13,11,13,0.9999741576930902,0.9999741576930902
22,0,11,15,11,15,0.9999748811230637,0.9999748811230637
22,0,11,17,11,17,0.9999749429670406,0.9999749429670406
22,0,11,19,11,19,0.9999698083291075,0.9999698083291075
22,0,13,15,13,15,1.0000280843035676,1.0000280843035676
22,0,13,17,13,17,0.9999755899257594,0.9999755899257594
22,0,13,19,13,19,0.9999842472899163,0.9999842472899163
22,0,15,17,15,17,1.0028727842821727,1.0028727842821727
22,1,3,5,6,10,1.4610673249056714,0.7305336624528357
22,1,3,7,6,14,1.4610644802406298,0.7305322401203149
22,1,3,11,6,22,1.4610066227901846,0.7305033113950923
22,1,3,13,6,26,1.4609957828294466,0.7304978914147233
22,1,3,17,6,34,1.4610223834822373,0.7305111917411187
22,1,3,19,6,38,1.4609874519824917,0.7304937259912458
22,1,5,7,10,14,1.4609953990011453,0.7304976995005726
22,1,5,9,10,18,1.4610485891198202,0.7305242945599101
22,1,5,11,10,22,1.460988686814974,0.730494343407487
22,1,5,13,10,26,1.4611938784090828,0.7305969392045414
22,1,5,17,10,34,1.461340264303722,0.730670132151861
22,1,5,19,10,38,1.4609604564086507,0.7304802282043253
22,1,7,9,14,18,1.463498575698193,0.7317492878490965
22,1,7,11,14,22,1.4609789592787137,0.7304894796393568
22,1,7,13,14,26,1.4611079446514088,0.7305539723257044
22,1,7,15,14,30,1.4610191738718716,0.7305095869359358
22,1,7,17,14,34,1.4609338316032991,0.7304669158016496
22,1,7,19,14,38,1.4609957537956437,0.7304978768978219
22,1,9,11,18,22,1.4609593073739968,0.7304796536869984
22,1,9,13,18,26,1.4611508205519421,0.7305754102759711
22,1,9,17,18,34,1.4609433485578733,0.7304716742789367
22,1,9,19,18,38,1.4609820049867268,0.7304910024933634
22,1,11,13,22,26,1.4609254154704163,0.7304627077352082
22,1,11,15,22,30,1.4609162295712999,0.7304581147856499
22,1,11,17,22,34,1.4609035187803814,0.7304517593901907
22,1,11,19,22,38,1.4609099184090306,0.7304549592045153
22,1,13,15,26,30,1.4611254355779761,0.7305627177889881
22,1,13,17,26,34,1.4609213008825408,0.7304606504412704
22,1,13,19,26,38,1.460927971242155,0.7304639856210775
22,1,15,17,30,34,1.468994025911764,0.734497012955882
22,2,3,5,12,20,3.844218151720562,0.9610545379301405
22,2,3,7,12,28,3.8441971014071155,0.9610492753517789
22,2,3,11,12,44,3.8440397045209647,0.9610099261302412
22,2,3,13,12,52,3.84399694973783,0.9609992374344575
22,2,3,17,12,68,3.8441570798151963,0.9610392699537991
22,2,3,19,12,76,3.8439792256066316,0.9609948064016579
22,2,5,7,20,28,3.8439840933286913,0.9609960233321728
22,2,5,9,20,36,3.8441608080806184,0.9610402020201546
22,2,5,11,20,44,3.8439707836920594,0.9609926959230148
22,2,5,13,20,52,3.844605165460917,0.9611512913652293
22,2,5,17,20,68,3.84575787871655,0.9614394696791375
22,2,5,19,20,76,3.843875205709917,0.9609688014274792
22,2,7,9,28,36,3.8515666618014963,0.9628916654503741
22,2,7,11,28,44,3.84392286562707,0.9609807164067675
22,2,7,13,28,52,3.8445791155895623,0.9611447788973906
22,2,7,15,28,60,3.844018537642993,0.9610046344107482
22,2,7,17,28,68,3.843749077628737,0.9609372694071843
22,2,7,19,28,76,3.8439739312540446,0.9609934828135112
22,2,9,11,36,44,3.8438719956469303,0.9609679989117326
22,2,9,13,36,52,3.8446542997803315,0.9611635749450829
22,2,9,17,36,68,3.8438628428301387,0.9609657107075347
22,2,9,19,36,76,3.8439288843806936,0.9609822210951734
22,2,11,13,44,52,3.8437117442994526,0.9609279360748632
22,2,11,15,44,60,3.843684301564287,0.9609210753910717
22,2,11,17,44,68,3.8436480478175405,0.9609120119543851
22,2,11,19,44,76,3.8436970354388005,0.9609242588597001
22,2,13,15,52,60,3.844358805790785,0.9610897014476962
22,2,13,17,52,68,3.843681617668948,0.960920404417237
22,2,13,19,52,76,3.8437974433348425,0.9609493608337106
22,2,15,17,60,68,3.865310800890651,0.9663277002226628
22,3,3,5,24,40,5.7772138607991295,0.7221517325998912
22,3,3,7,24,56,5.777559751031309,0.7221949688789137
22,3,3,11,24,88,5.77686066598148,0.722107583247685
22,3,3,13,24,104,5.77668509219124,0.722085636523905
22,3,3,17,24,136,5.777263911127511,0.7221579888909389
22,3,3,19,24,152,5.7766633477845355,0.7220829184730669
22,3,5,7,40,56,5.776706258798435,0.7220882823498044
22,3,5,9,40,72,5.776987676253355,0.7221234595316693
22,3,5,11,40,88,5.776563954664727,0.7220704943330909
22,3,5,13,40,104,5.778874804328575,0.7223593505410719
22,3,5,17,40,136,5.781407978957119,0.7226759973696398
22,3,5,19,40,152,5.7762132059996185,0.7220266507499523
22,3,7,9,56,72,5.799524503480539,0.7249405629350674
22,3,7,11,56,88,5.776480323256049,0.7220600404070061
22,3,7,13,56,104,5.778013758094972,0.7222517197618715
22,3,7,15,56,120,5.7768277803439,0.7221034725429875
22,3,7,17,56,136,5.775909315552237,0.7219886644440296
22,3,7,19,56,152,5.7765532182854,0.722069152285675
22,3,9,11,72,88,5.77620566074423,0.7220257075930288
22,3,9,13,72,104,5.778283042585492,0.7222853803231865
22,3,9,17,72,136,5.77614069852916,0.722017587316145
22,3,9,19,72,152,5.77624553404138,0.7220306917551725
22,3,11,13,88,104,5.775737347683146,0.7219671684603932
22,3,11,15,88,120,5.775410686261261,0.7219263357826576
22,3,11,17,88,136,5.775406392368781,0.7219257990460977
22,3,11,19,88,152,5.775781367142654,0.7219726708928318
22,3,13,15,104,120,5.777851600555478,0.7222314500694348
22,3,13,17,104,136,5.775643942857869,0.7219554928572336
22,3,13,19,104,152,5.775502744671841,0.7219378430839801
22,3,15,17,120,136,5.851198264183351,0.7313997830229189
22,4,3,5,48,80,15.196593315626723,0.9497870822266702
22,4,3,7,48,112,15.19667433009241,0.9497921456307756
22,4,3,11,48,176,15.194659599844645,0.9496662249902903
22,4,3,13,48,208,15.193814311076252,0.9496133944422658
22,4,3,17,48,272,15.196275950878928,0.949767246929933
22,4,3,19,48,304,15.19368909715987,0.9496055685724919
22,4,5,7,80,112,15.19370159474153,0.9496063496713456
22,4,5,9,80,144,15.19577773379879,0.9497361083624244
22,4,5,11,80,176,15.193493973687147,0.9495933733554467
22,4,5,13,80,208,15.199385876320989,0.9499616172700618
22,4,5,17,80,272,15.213618261057624,0.9508511413161015
22,4,5,19,80,304,15.191993503599923,0.9494995939749952
22,4,7,9,112,144,15.26479666971862,0.9540497918574138
22,4,7,11,112,176,15.19331136322144,0.94958196020134
22,4,7,13,112,208,15.20081701417077,0.9500510633856731
22,4,7,15,112,240,15.19393405129694,0.9496208782060588
22,4,7,17,112,272,15.190961535842856,0.9494350959901785
22,4,7,19,112,304,15.192799016670211,0.9495499385418882
22,4,9,11,144,176,15.192162396291685,0.9495101497682303
22,4,9,13,144,208,15.200597959244599,0.9500373724527874
22,4,9,17,144,272,15.192085551969535,0.949505346998096
22,4,9,19,144,304,15.191531623713853,0.9494707264821158
22,4,11,13,176,208,15.189726030511164,0.9493578769069477
22,4,11,15,176,240,15.18938316824802,0.9493364480155012
22,4,11,17,176,272,15.189124911043711,0.949320306940232
22,4,11,19,176,304,15.190591553565024,0.949411972097814
22,4,13,15,208,240,15.196040303116769,0.9497525189447981
22,4,13,17,208,272,15.19031537202422,0.9493947107515137
22,4,13,19,208,304,15.189827191175931,0.9493641994484957
22,4,15,17,240,272,15.42817156559544,0.964260722849715
22,5,3,5,96,160,23.0382123819346,0.7199441369354562
22,5,3,7,96,224,23.03787910094804,0.7199337219046262
22,5,3,11,96,352,23.02970604182333,0.7196783138069791
22,5,3,13,96,416,23.028785957205248,0.719649561162664
22,5,3,17,96,544,23.0363218637191,0.7198850582412218
22,5,3,19,96,608,23.02523395684138,0.7195385611512931
22,5,5,7,160,224,23.027466764995616,0.719608336406113
22,5,5,9,160,288,23.03414428121121,0.7198170087878503
22,5,5,11,160,352,23.026012572538242,0.7195628928918201
22,5,5,13,160,416,23.050202914308883,0.7203188410721526
22,5,5,17,160,544,23.099737812446456,0.7218668066389518
22,5,5,19,160,608,23.019909104383167,0.719372159511974
22,5,7,9,224,288,23.223525210454607,0.7257351628267065
22,5,7,11,224,352,23.024495512406844,0.7195154847627139
22,5,7,13,224,416,23.04510679756293,0.7201595874238416
22,5,7,15,224,480,23.026828187228514,0.719588380850891
22,5,7,17,224,544,23.016743907563406,0.7192732471113564
22,5,7,19,224,608,23.026008838002237,0.7195627761875699
22,5,9,11,288,352,23.01881346527531,0.7193379207898535
22,5,9,13,288,416,23.047927018297226,0.7202477193217883
22,5,9,17,288,544,23.019665457213748,0.7193645455379296
22,5,9,19,288,608,23.0221594439492,0.7194424826234125
22,5,11,13,352,416,23.015950179483212,0.7192484431088504
22,5,11,15,352,480,23.010927585051554,0.7190914870328611
22,5,11,17,352,544,23.009206088790886,0.7190376902747152
22,5,11,19,352,608,23.013546807931768,0.7191733377478677
22,5,13,15,416,480,23.03627221554023,0.7198835067356322
22,5,13,17,416,544,23.016264963887714,0.7192582801214911
22,5,13,19,416,608,23.015609796677015,0.7192378061461567
22,5,15,17,480,544,23.88724899118454,0.7464765309745168
22,6,3,5,192,320,60.60973008507405,0.947027032579282
22,6,3,7,192,448,60.61233339954077,0.9470677093678246
22,6,3,11,192,704,60.581782735262074,0.9465903552384699
22,6,3,13,192,832,60.58397360946026,0.9466245876478165
22,6,3,17,192,1088,60.6043982524568,0.9469437226946374
22,6,3,19,192,1216,60.57372498646297,0.9464644529134839
22,6,5,7,320,448,60.57651412500438,0.9465080332031934
22,6,5,9,320,576,60.59208668602363,0.9467513544691192
22,6,5,11,320,704,60.5694955403718,0.9463983678183093
22,6,5,13,320,832,60.65498614966721,0.9477341585885501
22,6,5,17,320,1088,60.8293868412773,0.9504591693949578
22,6,5,19,320,1216,60.55060468895418,0.9461031982649091
22,6,7,9,448,576,61.175004341644104,0.9558594428381891
22,6,7,11,448,704,60.56358567748753,0.9463060262107427
22,6,7,13,448,832,60.66687081920497,0.9479198565500777
22,6,7,15,448,960,60.57232102150587,0.9464425159610292
22,6,7,17,448,1088,60.543470257846934,0.9459917227788583
22,6,7,19,448,1216,60.57938999114213,0.9465529686115958
22,6,9,11,576,704,60.53819387732186,0.945909279333154
22,6,9,13,576,832,60.64843633681849,0.9476318177627889
22,6,9,17,576,1088,60.54054919751496,0.9459460812111713
22,6,9,19,576,1216,60.550249772888115,0.9460976527013768
22,6,11,13,704,832,60.52255736816664,0.9456649588776037
22,6,11,15,704,960,60.510139560249584,0.9454709306288998
22,6,11,17,704,1088,60.50561152015803,0.9454001800024692
22,6,11,19,704,1216,60.53474811956994,0.9458554393682803
22,6,13,15,832,960,60.59450190932392,0.9467890923331862
22,6,13,17,832,1088,60.55804989425483,0.9462195295977317
22,6,13,19,832,1216,60.53820394743553,0.9459094366786801
22,6,15,17,960,1088,63.66727156565565,0.9948011182133696
23,0,3,5,3,5,1.0000099418103614,1.0000099418103614
23,0,3,7,3,7,1.0000034397221946,1.0000034397221946
23,0,3,11,3,11,0.9999982292550921,0.9999982292550921
23,0,3,13,3,13,0.9999969994245054,0.9999969994245054
23,0,3,17,3,17,1.0000081586998493,1.0000081586998493
23,0,3,19,3,19,0.9999955020584209,0.9999955020584209
23,0,5,7,5,7,0.9999958124610198,0.9999958124610198
23,0,5,9,5,9,1.0000076552072472,1.0000076552072472
23,0,5,11,5,11,0.9999955322503654,0.9999955322503654
23,0,5,13,5,13,1.0000274803625808,1.0000274803625808
23,0,5,17,5,17,1.0001537749070095,1.0001537749070095
23,0,5,19,5,19,0.9999917489680127,0.9999917489680127
23,0,7,9,7,9,1.0008738693748676,1.0008738693748676
23,0,7,11,7,11,0.9999926827914581,0.9999926827914581
23,0,7,13,7,13,1.000028585236968,1.000028585236968
23,0,7,15,7,15,0.9999966188608495,0.9999966188608495
23,0,7,17,7,17,0.9999886212388914,0.9999886212388914
23,0,7,19,7,19,1.0000040712737337,1.0000040712737337
23,0,9,11,9,11,0.9999917532405634,0.9999917532405634
23,0,9,13,9,13,1.0000155197753047,1.0000155197753047
23,0,9,17,9,17,0.9999980443058918,0.9999980443058918
23,0,9,19,9,19,1.000001353454616,1.000001353454616
23,0,11,13,11,13,0.9999860835308416,0.9999860835308416
23,0,11,15,11,15,0.9999869759896656,0.9999869759896656
23,0,11,17,11,17,0.9999871912204564,0.9999871912204564
23,0,11,19,11,19,0.999983064706404,0.999983064706404
23,0,13,15,13,15,1.0000186003549227,1.0000186003549227
23,0,13,17,13,17,0.999987868699131,0.999987868699131
23,0,13,19,13,19,0.9999951532333397,0.9999951532333397
23,0,15,17,15,17,1.0022687486465232,1.0022687486465232
23,1,3,5,6,10,1.4610415219385677,0.7305207609692839
23,1,3,7,6,14,1.4610340259276282,0.7305170129638141
23,1,3,11,6,22,1.4610092011654696,0.7305046005827348
23,1,3,13,6,26,1.4610032014213388,0.7305016007106694
23,1,3,17,6,34,1.4610363517932712,0.7305181758966356
23,1,3,19,6,38,1.4609974327875204,0.7304987163937602
23,1,5,7,10,14,1.4610023191232735,0.7305011595616367
23,1,5,9,10,18,1.4610310474054369,0.7305155237027184
23,1,5,11,10,22,1.4609983284692962,0.7304991642346481
23,1,5,13,10,26,1.4611213137870753,0.7305606568935377
23,1,5,17,10,34,1.4613633518221272,0.7306816759110636
23,1,5,19,10,38,1.460983290835531,0.7304916454177655
23,1,7,9,14,18,1.4637522620666656,0.7318761310333328
23,1,7,11,14,22,1.4609911932529547,0.7304955966264773
23,1,7,13,14,26,1.4610849364868348,0.7305424682434174
23,1,7,15,14,30,1.4610068941605676,0.7305034470802838
23,1,7,17,14,34,1.4609712802308303,0.7304856401154152
23,1,7,19,14,38,1.4610153478094525,0.7305076739047263
23,1,9,11,18,22,1.4609833171869637,0.7304916585934819
23,1,9,13,18,26,1.461054890773705,0.7305274453868525
23,1,9,17,18,34,1.4609951950471143,0.7304975975235571
23,1,9,19,18,38,1.4610049764444952,0.7305024882222476
23,1,11,13,22,26,1.4609625441024903,0.7304812720512451
23,1,11,15,22,30,1.4609615958353146,0.7304807979176573
23,1,11,17,22,34,1.460958178637295,0.7304790893186475
23,1,11,19,22,38,1.4609535308737223,0.7304767654368611
23,1,13,15,26,30,1.4610869513376972,0.7305434756688486
23,1,13,17,26,34,1.4609685029990493,0.7304842514995247
23,1,13,19,26,38,1.4609733765730728,0.7304866882865364
23,1,15,17,30,34,1.4674016403560608,0.7337008201780304
23,2,3,5,12,20,3.844179089864105,0.9610447724660263
23,2,3,7,12,28,3.844122282948013,0.9610305707370033
23,2,3,11,12,44,3.8440413912191325,0.9610103478047831
23,2,3,13,12,52,3.8440292004444796,0.9610073001111199
23,2,3,17,12,68,3.8441394641135913,0.9610348660283978
23,2,3,19,12,76,3.844004212621055,0.9610010531552637
23,2,5,7,20,28,3.8440243596660193,0.9610060899165048
23,2,5,9,20,36,3.8441444647777314,0.9610361161944329
23,2,5,11,20,44,3.844006843817488,0.961001710954372
23,2,5,13,20,52,3.8443985339904345,0.9610996334976086
23,2,5,17,20,68,3.8454714527065637,0.9613678631766409
23,2,5,19,20,76,3.8439585148702733,0.9609896287175683
23,2,7,9,28,36,3.852037978844176,0.963009494711044
23,2,7,11,28,44,3.843983281849408,0.960995820462352
23,2,7,13,28,52,3.844439257174023,0.9611098142935057
23,2,7,15,28,60,3.844027289272497,0.9610068223181243
23,2,7,17,28,68,3.843894459266985,0.9609736148167463
23,2,7,19,28,76,3.844074503411966,0.9610186258529915
23,2,9,11,36,44,3.843943143495741,0.9609857858739352
23,2,9,13,36,52,3.844350563149979,0.9610876407874948
23,2,9,17,36,68,3.843981144547177,0.9609952861367943
23,2,9,19,36,76,3.844019515720826,0.9610048789302065
23,2,11,13,44,52,3.843871046281824,0.960967761570456
23,2,11,15,44,60,3.8438618169776815,0.9609654542444204
23,2,11,17,44,68,3.8438505058707566,0.9609626264676892
23,2,11,19,44,76,3.8438397543934437,0.9609599385983609
23,2,13,15,52,60,3.8442728663185193,0.9610682165796298
23,2,13,17,52,68,3.8439256569588656,0.9609814142397164
23,2,13,19,52,76,3.8439407952040234,0.9609851988010059
23,2,15,17,60,68,3.8637270411776052,0.9659317602944013
23,3,3,5,24,40,5.777348385353337,0.7221685481691671
23,3,3,7,24,56,5.777276967238263,0.7221596209047829
23,3,3,11,24,88,5.776945848031687,0.7221182310039609
23,3,3,13,24,104,5.776867089997159,0.7221083862496449
23,3,3,17,24,136,5.777238064555991,0.7221547580694989
23,3,3,19,24,152,5.776813161828478,0.7221016452285598
23,3,5,7,40,56,5.776861795069672,0.722107724383709
23,3,5,9,40,72,5.777212716454748,0.7221515895568436
23,3,5,11,40,88,5.77680431000905,0.7221005387511312
23,3,5,13,40,104,5.778229503457818,0.7222786879322273
23,3,5,17,40,136,5.780608894807685,0.7225761118509606
23,3,5,19,40,152,5.776618062028617,0.7220772577535771
23,3,7,9,56,72,5.799048505504633,0.7248810631880791
23,3,7,11,56,88,5.776718951745919,0.7220898689682399
23,3,7,13,56,104,5.77785680275982,0.7222321003449775
23,3,7,15,56,120,5.776924562504369,0.7221155703130461
23,3,7,17,56,136,5.776366308779592,0.722045788597449
23,3,7,19,56,152,5.776852893633068,0.7221066117041335
23,3,9,11,72,88,5.776584557456352,0.722073069682044
23,3,9,13,72,104,5.777895519597071,0.7222369399496339
23,3,9,17,72,136,5.776634631109662,0.7220793288887077
23,3,9,19,72,152,5.776696478635821,0.7220870598294776
23,3,11,13,88,104,5.776289918548237,0.7220362398185296
23,3,11,15,88,120,5.776196783808907,0.7220245979761134
23,3,11,17,88,136,5.776131764687016,0.722016470585877
23,3,11,19,88,152,5.776235171480631,0.7220293964350789
23,3,13,15,104,120,5.777778785427768,0.722222348178471
23,3,13,17,104,136,5.776465230694044,0.7220581538367555
23,3,13,19,104,152,5.776278512499561,0.7220348140624451
23,3,15,17,120,136,5.830444146205067,0.7288055182756333
23,4,3,5,48,80,15.196152392746221,0.9497595245466388
23,4,3,7,48,112,15.195598508120119,0.9497249067575074
23,4,3,11,48,176,15.194503316028253,0.9496564572517658
23,4,3,13,48,208,15.19426606347404,0.9496416289671274
23,4,3,17,48,272,15.19582956109073,0.9497393475681706
23,4,3,19,48,304,15.194153763193835,0.9496346101996147
23,4,5,7,80,112,15.19425529473778,0.9496409559211112
23,4,5,9,80,144,15.195734594005652,0.9497334121253532
23,4,5,11,80,176,15.193936044259058,0.9496210027661911
23,4,5,13,80,208,15.198217049111992,0.9498885655694995
23,4,5,17,80,272,15.20932326176555,0.9505827038603468
23,4,5,19,80,304,15.193419494425717,0.9495887184016073
23,4,7,9,112,144,15.260396168216486,0.9537747605135304
23,4,7,11,112,176,15.193627260792303,0.9496017037995189
23,4,7,13,112,208,15.19944472181307,0.9499652951133168
23,4,7,15,112,240,15.194052290560194,0.9496282681600121
23,4,7,17,112,272,15.192585401680821,0.9495365876050513
23,4,7,19,112,304,15.194129492103592,0.9496330932564745
23,4,9,11,144,176,15.193186637218986,0.9495741648261866
23,4,9,13,144,208,15.198485153987445,0.9499053221242153
23,4,9,17,144,272,15.193602165669951,0.9496001353543719
23,4,9,19,144,304,15.193480762450658,0.9495925476531661
23,4,11,13,176,208,15.191800262608472,0.9494875164130295
23,4,11,15,176,240,15.191515669689455,0.9494697293555909
23,4,11,17,176,272,15.191485005205694,0.9494678128253559
23,4,11,19,176,304,15.191883112336328,0.9494926945210205
23,4,13,15,208,240,15.196410455805818,0.9497756534878636
23,4,13,17,208,272,15.19299728757967,0.9495623304737294
23,4,13,19,208,304,15.192568893070947,0.9495355558169342
23,4,15,17,240,272,15.348135806049521,0.9592584878780951
23,5,3,5,96,160,23.035252418420463,0.7198516380756395
23,5,3,7,96,224,23.035249670994787,0.7198515522185871
23,5,3,11,96,352,23.031133552025562,0.7197229235007988
23,5,3,13,96,416,23.02966231799125,0.7196769474372265
23,5,3,17,96,544,23.03490851604924,0.7198408911265387
23,5,3,19,96,608,23.029152860286494,0.719661026883953
23,5,5,7,160,224,23.029693801361777,0.7196779312925555
23,5,5,9,160,288,23.03338510385975,0.7197932844956172
23,5,5,11,160,352,23.028838159833715,0.7196511924948036
23,5,5,13,160,416,23.043178548486086,0.7200993296401902
23,5,5,17,160,544,23.07159154093204,0.7209872356541263
23,5,5,19,160,608,23.025961461509176,0.7195612956721618
23,5,7,9,224,288,23.21629253848418,0.7255091418276306
23,5,7,11,224,352,23.027954802994046,0.7196235875935639
23,5,7,13,224,416,23.04186749116984,0.7200583590990575
23,5,7,15,224,480,23.029822918342855,0.7196819661982142
23,5,7,17,224,544,23.0234502385418,0.7194828199544312
23,5,7,19,224,608,23.027425917748765,0.7196070599296489
23,5,9,11,288,352,23.02577798251079,0.7195555619534622
23,5,9,13,288,416,23.039218936048766,0.7199755917515239
23,5,9,17,288,544,23.02616989232073,0.7195678091350228
23,5,9,19,288,608,23.02455525505503,0.7195173517204697
23,5,11,13,352,416,23.02216968246451,0.719442802577016
23,5,11,15,352,480,23.019949987157755,0.7193734370986798
23,5,11,17,352,544,23.01979620559352,0.7193686314247975
23,5,11,19,352,608,23.023002693835416,0.7194688341823567
23,5,13,15,416,480,23.036513081273803,0.7198910337898063
23,5,13,17,416,544,23.024059375497863,0.7195018554843082
23,5,13,19,416,608,23.01997644928343,0.7193742640401072
23,5,15,17,480,544,23.596882213965802,0.7374025691864313
23,6,3,5,192,320,60.60552412661289,0.9469613144783264
23,6,3,7,192,448,60.598456036115614,0.9468508755643065
23,6,3,11,192,704,60.58662299883678,0.9466659843568247
23,6,3,13,192,832,60.584256481982294,0.9466290075309733
23,6,3,17,192,1088,60.605004473057065,0.9469531948915166
23,6,3,19,192,1216,60.57758072741517,0.946524698865862
23,6,5,7,320,448,60.58099579950603,0.9465780593672817
23,6,5,9,320,576,60.59723046339418,0.9468317259905341
23,6,5,11,320,704,60.579081560592506,0.9465481493842579
23,6,5,13,320,832,60.62741359129732,0.9473033373640206
23,6,5,17,320,1088,60.77029636282676,0.9495358806691682
23,6,5,19,320,1216,60.56532768338892,0.9463332450529519
23,6,7,9,448,576,61.16937518727657,0.9557714873011964
23,6,7,11,448,704,60.57444731466048,0.94647573929157
23,6,7,13,448,832,60.642652471520556,0.9475414448675087
23,6,7,15,448,960,60.578291665031635,0.9465358072661193
23,6,7,17,448,1088,60.55929608182274,0.9462390012784803
23,6,7,19,448,1216,60.56938484450536,0.9463966381953962
23,6,9,11,576,704,60.565413878802076,0.9463345918562824
23,6,9,13,576,832,60.623652350297974,0.9472445679734058
23,6,9,17,576,1088,60.57144556983631,0.9464288370286923
23,6,9,19,576,1216,60.558912331221435,0.9462330051753349
23,6,11,13,704,832,60.550482703538144,0.9461012922427835
23,6,11,15,704,960,60.54576407194723,0.9460275636241755
23,6,11,17,704,1088,60.543457338094164,0.9459915209077213
23,6,11,19,704,1216,60.55375013447099,0.9461523458511092
23,6,13,15,832,960,60.6008742573797,0.9468886602715578
23,6,13,17,832,1088,60.570800809743346,0.9464187626522398
23,6,13,19,832,1216,60.5451874695103,0.9460185542110985
23,6,15,17,960,1088,62.439725525159716,0.9756207113306206
24,0,3,5,3,5,1.0000038578553756,1.0000038578553756
24,0,3,7,3,7,1.0000017038263964,1.0000017038263964
24,0,3,11,3,11,0.999998561401923,0.999998561401923
24,0,3,13,3,13,0.9999970728636258,0.9999970728636258
24,0,3,17,3,17,1.000001907292357,1.000001907292357
24,0,3,19,3,19,0.9999973621297559,0.9999973621297559
24,0,5,7,5,7,0.9999975105564181,0.9999975105564181
24,0,5,9,5,9,1.0000034654195364,1.0000034654195364
24,0,5,11,5,11,0.9999978017940752,0.9999978017940752
24,0,5,13,5,13,1.0000149624338535,1.0000149624338535
24,0,5,17,5,17,1.000058331980256,1.000058331980256
24,0,5,19,5,19,0.9999959149543264,0.9999959149543264
24,0,7,9,7,9,1.0004109281525713,1.0004109281525713
24,0,7,11,7,11,0.9999962587148518,0.9999962587148518
24,0,7,13,7,13,1.0000125672711146,1.0000125672711146
24,0,7,15,7,15,0.9999982740347955,0.9999982740347955
24,0,7,17,7,17,0.9999938168923344,0.9999938168923344
24,0,7,19,7,19,1.0000026667193318,1.0000026667193318
24,0,9,11,9,11,0.9999960612412693,0.9999960612412693
24,0,9,13,9,13,1.000007747428462,1.000007747428462
24,0,9,17,9,17,0.9999975788505152,0.9999975788505152
24,0,9,19,9,19,1.000000863876276,1.000000863876276
24,0,11,13,11,13,0.9999926156700769,0.9999926156700769
24,0,11,15,11,15,0.9999930075193049,0.9999930075193049
24,0,11,17,11,17,0.9999934341641249,0.9999934341641249
24,0,11,19,11,19,0.9999921375974732,0.9999921375974732
24,0,13,15,13,15,1.000009475640189,1.000009475640189
24,0,13,17,13,17,0.9999924100098831,0.9999924100098831
24,0,13,19,13,19,0.9999983387305482,0.9999983387305482
24,0,15,17,15,17,1.0016925482017118,1.0016925482017118
24,1,3,5,6,10,1.4610196189672033,0.7305098094836017
24,1,3,7,6,14,1.4610251313518237,0.7305125656759118
24,1,3,11,6,22,1.4610103284687448,0.7305051642343724
24,1,3,13,6,26,1.461006632332472,0.730503316166236
24,1,3,17,6,34,1.461020830099172,0.730510415049586
24,1,3,19,6,38,1.4610054961624648,0.7305027480812324
24,1,5,7,10,14,1.4610066701258362,0.7305033350629181
24,1,5,9,10,18,1.4610153100551102,0.7305076550275551
24,1,5,11,10,22,1.4610050840266382,0.7305025420133191
24,1,5,13,10,26,1.4610696564827594,0.7305348282413797
24,1,5,17,10,34,1.461163109157114,0.730581554578557
24,1,5,19,10,38,1.460997681014112,0.730498840507056
24,1,7,9,14,18,1.4621346355063676,0.7310673177531838
24,1,7,11,14,22,1.4610013121276528,0.7305006560638264
24,1,7,13,14,26,1.461045061084267,0.7305225305421335
24,1,7,15,14,30,1.4610115691147316,0.7305057845573658
24,1,7,17,14,34,1.4609914992559163,0.7304957496279582
24,1,7,19,14,38,1.4610186273497476,0.7305093136748738
24,1,9,11,18,22,1.4609983993855338,0.7304991996927669
24,1,9,13,18,26,1.4610366834846709,0.7305183417423354
24,1,9,17,18,34,1.4610011634710662,0.7305005817355331
24,1,9,19,18,38,1.4610086641206215,0.7305043320603107
24,1,11,13,22,26,1.4609870363834019,0.7304935181917009
24,1,11,15,22,30,1.4609868946262743,0.7304934473131371
24,1,11,17,22,34,1.4609850022464994,0.7304925011232497
24,1,11,19,22,38,1.4609828275610381,0.7304914137805191
24,1,13,15,26,30,1.461049636649406,0.730524818324703
24,1,13,17,26,34,1.4609860852612822,0.7304930426306411
24,1,13,19,26,38,1.460998848066748,0.730499424033374
24,1,15,17,30,34,1.465026466740565,0.7325132333702825
24,2,3,5,12,20,3.8441112223564167,0.9610278055891042
24,2,3,7,12,28,3.8440985582927483,0.9610246395731871
24,2,3,11,12,44,3.8440480739683105,0.9610120184920776
24,2,3,13,12,52,3.844034465841429,0.9610086164603573
24,2,3,17,12,68,3.844089671541683,0.9610224178854208
24,2,3,19,12,76,3.844023160160433,0.9610057900401082
24,2,5,7,20,28,3.8440330655505988,0.9610082663876497
24,2,5,9,20,36,3.8440924658679094,0.9610231164669774
24,2,5,11,20,44,3.844025097196692,0.961006274299173
24,2,5,13,20,52,3.844243581965437,0.9610608954913592
24,2,5,17,20,68,3.844670505634865,0.9611676264087162
24,2,5,19,20,76,3.843993205781288,0.960998301445322
24,2,7,9,28,36,3.847435206007262,0.9618588015018155
24,2,7,11,28,44,3.844013916231534,0.9610034790578835
24,2,7,13,28,52,3.844215167264214,0.9610537918160535
24,2,7,15,28,60,3.8440464923397437,0.9610116230849359
24,2,7,17,28,68,3.8439728810315636,0.9609932202578909
24,2,7,19,28,76,3.844051934696618,0.9610129836741546
24,2,9,11,36,44,3.843998032731851,0.9609995081829628
24,2,9,13,36,52,3.844216644830691,0.9610541612076727
24,2,9,17,36,68,3.844009109591019,0.9610022773977548
24,2,9,19,36,76,3.8440385652605147,0.9610096413151287
24,2,11,13,44,52,3.843952676383572,0.960988169095893
24,2,11,15,44,60,3.843955972168118,0.9609889930420294
24,2,11,17,44,68,3.843952151521885,0.9609880378804713
24,2,11,19,44,76,3.8439328196465965,0.9609832049116491
24,2,13,15,52,60,3.8441704778480106,0.9610426194620026
24,2,13,17,52,68,3.843959817951411,0.9609899544878527
24,2,13,19,52,76,3.8439928344253445,0.9609982086063361
24,2,15,17,60,68,3.855669888146203,0.9639174720365508
24,3,3,5,24,40,5.777213825214604,0.7221517281518255
24,3,3,7,24,56,5.777217769700904,0.722152221212613
24,3,3,11,24,88,5.776981180331669,0.7221226475414586
24,3,3,13,24,104,5.776937555081336,0.722117194385167
24,3,3,17,24,136,5.777045119163899,0.7221306398954874
24,3,3,19,24,152,5.7769058206424,0.7221132275803
24,3,5,7,40,56,5.776934982300332,0.7221168727875416
24,3,5,9,40,72,5.777137904457489,0.7221422380571861
24,3,5,11,40,88,5.776906017251268,0.7221132521564085
24,3,5,13,40,104,5.777724536654632,0.722215567081829
24,3,5,17,40,136,5.778312733433134,0.7222890916791418
24,3,5,19,40,152,5.776797162482735,0.7220996453103419
24,3,7,9,56,72,5.7867755628052855,0.7233469453506607
24,3,7,11,56,88,5.776875172148629,0.7221093965185786
24,3,7,13,56,104,5.777392025770494,0.7221740032213118
24,3,7,15,56,120,5.777035385916777,0.7221294232395972
24,3,7,17,56,136,5.776689967509528,0.722086245938691
24,3,7,19,56,152,5.7769370705831395,0.7221171338228924
24,3,9,11,72,88,5.7767926328598245,0.7220990791074781
24,3,9,13,72,104,5.777552587649973,0.7221940734562466
24,3,9,17,72,136,5.776728857938673,0.7220911072423342
24,3,9,19,72,152,5.77687917705035,0.7221098971312937
24,3,11,13,88,104,5.776652819294299,0.7220816024117874
24,3,11,15,88,120,5.776618030029847,0.7220772537537309
24,3,11,17,88,136,5.776564738313312,0.722070592289164
24,3,11,19,88,152,5.776590086217399,0.7220737607771749
24,3,13,15,104,120,5.777453899666715,0.7221817374583394
24,3,13,17,104,136,5.77663786583276,0.722079733229095
24,3,13,19,104,152,5.776663454551401,0.7220829318189251
24,3,15,17,120,136,5.80907674030728,0.72613459253841
24,4,3,5,48,80,15.195405099789905,0.9497128187368691
24,4,3,7,48,112,15.195351806549269,0.9497094879093293
24,4,3,11,48,176,15.194713690817371,0.9496696056760857
24,4,3,13,48,208,15.194538733402831,0.949658670837677
24,4,3,17,48,272,15.195178752932286,0.9496986720582679
24,4,3,19,48,304,15.194468416236269,0.9496542760147668
24,4,5,7,80,112,15.194484007391484,0.9496552504619677
24,4,5,9,80,144,15.195174638401202,0.9496984149000751
24,4,5,11,80,176,15.194427498218047,0.949651718638628
24,4,5,13,80,208,15.196966151856794,0.9498103844910496
24,4,5,17,80,272,15.20153113230703,0.9500956957691894
24,4,5,19,80,304,15.194047068126078,0.9496279417578799
24,4,7,9,112,144,15.224516805506461,0.9515323003441538
24,4,7,11,112,176,15.194254615509713,0.9496409134693571
24,4,7,13,112,208,15.196827899850156,0.9498017437406348
24,4,7,15,112,240,15.194631872456917,0.9496644920285573
24,4,7,17,112,272,15.193542593098922,0.9495964120686826
24,4,7,19,112,304,15.194437800144044,0.9496523625090028
24,4,9,11,144,176,15.194047419041269,0.9496279636900793
24,4,9,13,144,208,15.197149406041362,0.9498218378775851
24,4,9,17,144,272,15.194004846977348,0.9496253029360843
24,4,9,19,144,304,15.1942527798382,0.9496407987398875
24,4,11,13,176,208,15.193394181001041,0.9495871363125651
24,4,11,15,176,240,15.193285532544254,0.9495803457840158
24,4,11,17,176,272,15.193131128667966,0.9495706955417479
24,4,11,19,176,304,15.193322432185179,0.9495826520115737
24,4,13,15,208,240,15.19598143119343,0.9497488394495893
24,4,13,17,208,272,15.193274690080573,0.9495796681300358
24,4,13,19,208,304,15.193722381440042,0.9496076488400026
24,4,15,17,240,272,15.28019054008691,0.9550119087554318
24,5,3,5,96,160,23.03278698493888,0.71977459327934
24,5,3,7,96,224,23.034177511068727,0.7198180472208977
24,5,3,11,96,352,23.031372352771825,0.7197303860241195
24,5,3,13,96,416,23.03067596860216,0.7197086240188175
24,5,3,17,96,544,23.032995315627193,0.7197811036133498
24,5,3,19,96,608,23.03057506608427,0.7197054708151335
24,5,5,7,160,224,23.03076202459643,0.7197113132686385
24,5,5,9,160,288,23.031881594547542,0.7197462998296107
24,5,5,11,160,352,23.0301882676305,0.7196933833634531
24,5,5,13,160,416,23.03941565538553,0.7199817392307978
24,5,5,17,160,544,23.04953639895651,0.7202980124673909
24,5,5,19,160,608,23.028785251264146,0.7196495391020046
24,5,7,9,224,288,23.121672635084416,0.722552269846388
24,5,7,11,224,352,23.029872790674748,0.7196835247085859
24,5,7,13,224,416,23.036013326132178,0.7198754164416306
24,5,7,15,224,480,23.031240839505575,0.7197262762345492
24,5,7,17,224,544,23.027581348108818,0.7196119171284006
24,5,7,19,224,608,23.03012041817656,0.7196912630680175
24,5,9,11,288,352,23.028759135000442,0.7196487229687638
24,5,9,13,288,416,23.037053117062257,0.7199079099081955
24,5,9,17,288,544,23.028507858628213,0.7196408705821317
24,5,9,19,288,608,23.02889346944664,0.7196529209202075
24,5,11,13,352,416,23.026883175469436,0.7195900992334199
24,5,11,15,352,480,23.02556876370947,0.7195490238659209
24,5,11,17,352,544,23.0255520840397,0.7195485026262406
24,5,11,19,352,608,23.027033472123307,0.7195947960038533
24,5,13,15,416,480,23.035323545122736,0.7198538607850855
24,5,13,17,416,544,23.026517299305002,0.7195786656032813
24,5,13,19,416,608,23.025932939292233,0.7195604043528823
24,5,15,17,480,544,23.329245648388135,0.7290389265121292
24,6,3,5,192,320,60.59734425982795,0.9468335040598117
24,6,3,7,192,448,60.59764654792316,0.9468382273112994
24,6,3,11,192,704,60.58959286155135,0.9467123884617399
24,6,3,13,192,832,60.586186759456524,0.9466591681165082
24,6,3,17,192,1088,60.5960547668929,0.9468133557327015
24,6,3,19,192,1216,60.58568089726349,0.946651264019742
24,6,5,7,320,448,60.585719909449814,0.9466518735851533
24,6,5,9,320,576,60.59406395691338,0.9467822493267716
24,6,5,11,320,704,60.584885743698905,0.9466388397452954
24,6,5,13,320,832,60.60841584126113,0.9470064975197051
24,6,5,17,320,1088,60.665387066418724,0.9478966729127926
24,6,5,19,320,1216,60.578892226392185,0.9465451910373779
24,6,7,9,448,576,60.86950924581488,0.9510860819658575
24,6,7,11,448,704,60.584229618015016,0.9466285877814846
24,6,7,13,448,832,60.61412332561072,0.9470956769626675
24,6,7,15,448,960,60.58666458880755,0.946666634200118
24,6,7,17,448,1088,60.574755041630006,0.9464805475254688
24,6,7,19,448,1216,60.58205924280606,0.9465946756688447
24,6,9,11,576,704,60.57960120116478,0.9465562687681996
24,6,9,13,576,832,60.61322854873177,0.9470816960739339
24,6,9,17,576,1088,60.57929600034147,0.9465515000053355
24,6,9,19,576,1216,60.5770018859348,0.9465156544677312
24,6,11,13,704,832,60.56981409277758,0.9464033451996496
24,6,11,15,704,960,60.56847186417122,0.9463823728776753
24,6,11,17,704,1088,60.56737435482196,0.9463652242940931
24,6,11,19,704,1216,60.57323692442873,0.9464568269441989
24,6,13,15,832,960,60.59505333883466,0.9467977084192916
24,6,13,17,832,1088,60.57218411190224,0.9464403767484725
24,6,13,19,832,1216,60.57017481299093,0.9464089814529832
24,6,15,17,960,1088,61.52509990522217,0.9613296860190964
25,0,3,5,3,5,1.0000027011803168,1.0000027011803168
25,0,3,7,3,7,0.9999996278099755,0.9999996278099755
25,0,3,11,3,11,0.9999982096946245,0.9999982096946245
25,0,3,13,3,13,0.9999976545234761,0.9999976545234761
25,0,3,17,3,17,1.0000013605857874,1.0000013605857874
25,0,3,19,3,19,0.9999973334542764,0.9999973334542764
25,0,5,7,5,7,0.9999978915238265,0.9999978915238265
25,0,5,9,5,9,1.0000027512028429,1.0000027512028429
25,0,5,11,5,11,0.9999981821335698,0.9999981821335698
25,0,5,13,5,13,1.0000088249396237,1.0000088249396237
25,0,5,17,5,17,1.0000549093132074,1.0000549093132074
25,0,5,19,5,19,0.9999969589678184,0.9999969589678184
25,0,7,9,7,9,1.0003965376906425,1.0003965376906425
25,0,7,11,7,11,0.9999966017343889,0.9999966017343889
25,0,7,13,7,13,1.000007487519107,1.000007487519107
25,0,7,15,7,15,0.9999979946709427,0.9999979946709427
25,0,7,17,7,17,0.9999954695866076,0.9999954695866076
25,0,7,19,7,19,1.0000000988340843,1.0000000988340843
25,0,9,11,9,11,0.999997177017364,0.999997177017364
25,0,9,13,9,13,1.000003076897932,1.000003076897932
25,0,9,17,9,17,0.999999435949996,0.999999435949996
25,0,9,19,9,19,0.9999997139235779,0.9999997139235779
25,0,11,13,11,13,0.9999949252073342,0.9999949252073342
25,0,11,15,11,15,0.9999955293403492,0.9999955293403492
25,0,11,17,11,17,0.9999954046069763,0.9999954046069763
25,0,11,19,11,19,0.9999942930932643,0.9999942930932643
25,0,13,15,13,15,1.00000603919554,1.00000603919554
25,0,13,17,13,17,0.9999951219124478,0.9999951219124478
25,0,13,19,13,19,0.999998462263932,0.999998462263932
25,0,15,17,15,17,1.0009971672376259,1.0009971672376259
25,1,3,5,6,10,1.461023196122357,0.7305115980611785
25,1,3,7,6,14,1.4610188225263134,0.7305094112631567
25,1,3,11,6,22,1.4610118763471258,0.7305059381735629
25,1,3,13,6,26,1.4610104841279083,0.7305052420639542
25,1,3,17,6,34,1.461020864695203,0.7305104323476015
25,1,3,19,6,38,1.4610093919145282,0.7305046959572641
25,1,5,7,10,14,1.4610094214663856,0.7305047107331928
25,1,5,9,10,18,1.4610209629166995,0.7305104814583497
25,1,5,11,10,22,1.461009304718694,0.730504652359347
25,1,5,13,10,26,1.4610485756650258,0.7305242878325129
25,1,5,17,10,34,1.4611498478332448,0.7305749239166224
25,1,5,19,10,38,1.461005467455293,0.7305027337276465
25,1,7,9,14,18,1.4620810109487707,0.7310405054743854
25,1,7,11,14,22,1.4610066331633982,0.7305033165816991
25,1,7,13,14,26,1.4610368364773327,0.7305184182386664
25,1,7,15,14,30,1.4610123273735742,0.7305061636867871
25,1,7,17,14,34,1.4610024412364193,0.7305012206182097
25,1,7,19,14,38,1.461019341160248,0.730509670580124
25,1,9,11,18,22,1.4610056562264517,0.7305028281132259
25,1,9,13,18,26,1.4610254024814564,0.7305127012407282
25,1,9,17,18,34,1.4610107538326162,0.7305053769163081
25,1,9,19,18,38,1.4610162493625705,0.7305081246812852
25,1,11,13,22,26,1.4610003455739733,0.7305001727869866
25,1,11,15,22,30,1.4610011713869462,0.7305005856934731
25,1,11,17,22,34,1.461000136288771,0.7305000681443855
25,1,11,19,22,38,1.460997205059088,0.730498602529544
25,1,13,15,26,30,1.46104002177241,0.730520010886205
25,1,13,17,26,34,1.4610005285065213,0.7305002642532606
25,1,13,19,26,38,1.4610094756815755,0.7305047378407877
25,1,15,17,30,34,1.4639995430959871,0.7319997715479936
25,2,3,5,12,20,3.8440957254890353,0.9610239313722588
25,2,3,7,12,28,3.844070307224864,0.961017576806216
25,2,3,11,12,44,3.844048125282666,0.9610120313206665
25,2,3,13,12,52,3.844042427128045,0.9610106067820112
25,2,3,17,12,68,3.8440872336688674,0.9610218084172168
25,2,3,19,12,76,3.8440377772680203,0.9610094443170051
25,2,5,7,20,28,3.844040134426993,0.9610100336067483
25,2,5,9,20,36,3.8440869394128243,0.9610217348532061
25,2,5,11,20,44,3.8440380263624756,0.9610095065906189
25,2,5,13,20,52,3.844164118548428,0.961041029637107
25,2,5,17,20,68,3.8446421592363484,0.9611605398090871
25,2,5,19,20,76,3.8440242872702157,0.9610060718175539
25,2,7,9,28,36,3.8474259863011375,0.9618564965752844
25,2,7,11,28,44,3.8440269389982613,0.9610067347495653
25,2,7,13,28,52,3.8441692997161647,0.9610423249290412
25,2,7,15,28,60,3.844041651527943,0.9610104128819857
25,2,7,17,28,68,3.8440103700194586,0.9610025925048646
25,2,7,19,28,76,3.844069574129165,0.9610173935322912
25,2,9,11,36,44,3.844022992685887,0.9610057481714718
25,2,9,13,36,52,3.844116639007916,0.961029159751979
25,2,9,17,36,68,3.8440473137126805,0.9610118284281701
25,2,9,19,36,76,3.844057134791691,0.9610142836979227
25,2,11,13,44,52,3.843998566359349,0.9609996415898372
25,2,11,15,44,60,3.844001393940794,0.9610003484851986
25,2,11,17,44,68,3.8440025939453957,0.9610006484863489
25,2,11,19,44,76,3.843987607633639,0.9609969019084097
25,2,13,15,52,60,3.8441264957229566,0.9610316239307392
25,2,13,17,52,68,3.8440058956473533,0.9610014739118383
25,2,13,19,52,76,3.8440372949585395,0.9610093237396349
25,2,15,17,60,68,3.853356761354689,0.9633391903386722
25,3,3,5,24,40,5.777114160898337,0.7221392701122922
25,3,3,7,24,56,5.777089456667884,0.7221361820834855
25,3,3,11,24,88,5.776987896536987,0.7221234870671234
25,3,3,13,24,104,5.776963845503548,0.7221204806879435
25,3,3,17,24,136,5.777094895980534,0.7221368619975668
25,3,3,19,24,152,5.7769416307003585,0.7221177038375448
25,3,5,7,40,56,5.776962682089784,0.722120335261223
25,3,5,9,40,72,5.777074106522331,0.7221342633152914
25,3,5,11,40,88,5.776945298203215,0.7221181622754018
25,3,5,13,40,104,5.777433441835788,0.7221791802294735
25,3,5,17,40,136,5.778375096077024,0.722296887009628
25,3,5,19,40,152,5.7768868703899905,0.7221108587987488
25,3,7,9,56,72,5.787716737337579,0.7234645921671974
25,3,7,11,56,88,5.776919074897444,0.7221148843621805
25,3,7,13,56,104,5.777299745346893,0.7221624681683616
25,3,7,15,56,120,5.776982899612965,0.7221228624516206
25,3,7,17,56,136,5.776837937987358,0.7221047422484197
25,3,7,19,56,152,5.777012798215512,0.722126599776939
25,3,9,11,72,88,5.776886597522192,0.722110824690274
25,3,9,13,72,104,5.777173365673454,0.7221466707091817
25,3,9,17,72,136,5.776932277537222,0.7221165346921528
25,3,9,19,72,152,5.776970348331973,0.7221212935414967
25,3,11,13,88,104,5.776801001946149,0.7221001252432686
25,3,11,15,88,120,5.7767991107163414,0.7220998888395427
25,3,11,17,88,136,5.776783176657052,0.7220978970821315
25,3,11,19,88,152,5.776766116021168,0.722095764502646
25,3,13,15,104,120,5.7772978377606785,0.7221622297200848
25,3,13,17,104,136,5.776825235899616,0.722103154487452
25,3,13,19,104,152,5.776845420070223,0.7221056775087779
25,3,15,17,120,136,5.802604247961523,0.7253255309951904
25,4,3,5,48,80,15.195267898922477,0.9497042436826548
25,4,3,7,48,112,15.195047157578472,0.9496904473486545
25,4,3,11,48,176,15.194720978039422,0.9496700611274639
25,4,3,13,48,208,15.194667495118077,0.9496667184448798
25,4,3,17,48,272,15.195108322443415,0.9496942701527135
25,4,3,19,48,304,15.194569041301738,0.9496605650813587
25,4,5,7,80,112,15.19464576484889,0.9496653603030556
25,4,5,9,80,144,15.195125126160256,0.949695320385016
25,4,5,11,80,176,15.194574850442848,0.949660928152678
25,4,5,13,80,208,15.196134455977795,0.9497584034986122
25,4,5,17,80,272,15.20036262191775,0.9500226638698593
25,4,5,19,80,304,15.194381609189207,0.9496488505743255
25,4,7,9,112,144,15.22625083980165,0.9516406774876032
25,4,7,11,112,176,15.194488148389729,0.949655509274358
25,4,7,13,112,208,15.196305510134318,0.9497690943833949
25,4,7,15,112,240,15.194664016209593,0.9496665010130996
25,4,7,17,112,272,15.19412634984858,0.9496328968655362
25,4,7,19,112,304,15.194835539058124,0.9496772211911327
25,4,9,11,144,176,15.194325689019749,0.9496453555637343
25,4,9,13,144,208,15.195945114395085,0.9497465696496928
25,4,9,17,144,272,15.194472247340594,0.9496545154587871
25,4,9,19,144,304,15.19461305383678,0.9496633158647988
25,4,11,13,176,208,15.194031147772929,0.949626946735808
25,4,11,15,176,240,15.193998527325515,0.9496249079578447
25,4,11,17,176,272,15.193947189832253,0.9496216993645158
25,4,11,19,176,304,15.193904131928996,0.9496190082455622
25,4,13,15,208,240,15.19563477983353,0.9497271737395956
25,4,13,17,208,272,15.194254441950703,0.9496409026219189
25,4,13,19,208,304,15.194308115405574,0.9496442572128484
25,4,15,17,240,272,15.273790436007811,0.9546119022504882
25,5,3,5,96,160,23.033309602690544,0.7197909250840795
25,5,3,7,96,224,23.033044354740728,0.7197826360856477
25,5,3,11,96,352,23.031710323962518,0.7197409476238287
25,5,3,13,96,416,23.031399646088108,0.7197312389402534
25,5,3,17,96,544,23.03288006451028,0.7197775020159463
25,5,3,19,96,608,23.03117369644719,0.7197241780139747
25,5,5,7,160,224,23.03137973063072,0.71973061658221
25,5,5,9,160,288,23.03276605581826,0.7197739392443206
25,5,5,11,160,352,23.031143494287267,0.7197232341964771
25,5,5,13,160,416,23.036838928279646,0.719901216508739
25,5,5,17,160,544,23.04625414117614,0.7201954419117543
25,5,5,19,160,608,23.030398681620657,0.7196999588006455
25,5,7,9,224,288,23.1197975369046,0.7224936730282687
25,5,7,11,224,352,23.030816362562923,0.7197130113300914
25,5,7,13,224,416,23.03537082874628,0.7198553383983213
25,5,7,15,224,480,23.03163534303248,0.719738604469765
25,5,7,17,224,544,23.029408827716043,0.7196690258661264
25,5,7,19,224,608,23.031331630479254,0.7197291134524767
25,5,9,11,288,352,23.030268232526897,0.7196958822664655
25,5,9,13,288,416,23.03550506604434,0.7198595333138856
25,5,9,17,288,544,23.030467639061474,0.719702113720671
25,5,9,19,288,608,23.030698930876998,0.7197093415899062
25,5,11,13,352,416,23.029087928277406,0.7196589977586689
25,5,11,15,352,480,23.028715036219822,0.7196473448818694
25,5,11,17,352,544,23.028460440220996,0.7196393887569061
25,5,11,19,352,608,23.028853810723515,0.7196516815851098
25,5,13,15,416,480,23.03504133009651,0.719845041565516
25,5,13,17,416,544,23.029802140998868,0.7196813169062146
25,5,13,19,416,608,23.02903489355862,0.7196573404237069
25,5,15,17,480,544,23.24590431383777,0.7264345098074303
25,6,3,5,192,320,60.59553790834766,0.9468052798179322
25,6,3,7,192,448,60.59334822746331,0.9467710660541142
25,6,3,11,192,704,60.58895066446027,0.9467023541321917
25,6,3,13,192,832,60.58798860246179,0.9466873219134655
25,6,3,17,192,1088,60.594233699959744,0.946784901561871
25,6,3,19,192,1216,60.58754022360572,0.9466803159938394
25,6,5,7,320,448,60.58796280290007,0.9466869187953136
25,6,5,9,320,576,60.59386048791576,0.9467790701236838
25,6,5,11,320,704,60.58667007840387,0.9466667199750605
25,6,5,13,320,832,60.60377630708185,0.9469340047981539
25,6,5,17,320,1088,60.64792806544309,0.9476238760225483
25,6,5,19,320,1216,60.58460963538795,0.9466345255529367
25,6,7,9,448,576,60.85200860060332,0.9508126343844269
25,6,7,11,448,704,60.58546997352396,0.9466479683363119
25,6,7,13,448,832,60.60867001184453,0.9470104689350708
25,6,7,15,448,960,60.58715223660053,0.9466742536968833
25,6,7,17,448,1088,60.58127927768752,0.9465824887138675
25,6,7,19,448,1216,60.587432004022546,0.9466786250628523
25,6,9,11,576,704,60.583688925406925,0.9466201394594832
25,6,9,13,576,832,60.60482344958219,0.9469503663997217
25,6,9,17,576,1088,60.585326433271774,0.9466457255198715
25,6,9,19,576,1216,60.58481572010084,0.9466377456265757
25,6,11,13,704,832,60.57811683864693,0.9465330756038582
25,6,11,15,704,960,60.57698819897701,0.9465154406090158
25,6,11,17,704,1088,60.57685381516226,0.9465133408619103
25,6,11,19,704,1216,60.57842372001302,0.9465378706252034
25,6,13,15,832,960,60.59654753266542,0.9468210551978972
25,6,13,17,832,1088,60.58292128316404,0.9466081450494381
25,6,13,19,832,1216,60.58116716767571,0.946580736994933
25,6,15,17,960,1088,61.20408733709852,0.9563138646421644
26,0,3,5,3,5,0.9999997809707686,0.9999997809707686
26,0,3,7,3,7,0.9999990672966959,0.9999990672966959
26,0,3,11,3,11,0.9999981643005866,0.9999981643005866
26,0,3,13,3,13,0.9999975251563299,0.9999975251563299
26,0,3,17,3,17,0.999999372824965,0.999999372824965
26,0,3,19,3,19,0.9999978642309585,0.9999978642309585
26,0,5,7,5,7,0.9999983290097854,0.9999983290097854
26,0,5,9,5,9,1.000000298303439,1.000000298303439
26,0,5,11,5,11,0.9999985299303495,0.9999985299303495
26,0,5,13,5,13,1.0000044721841486,1.0000044721841486
26,0,5,17,5,17,1.0000193884864252,1.0000193884864252
26,0,5,19,5,19,0.999998091832802,0.999998091832802
26,0,7,9,7,9,1.0001828516810696,1.0001828516810696
26,0,7,11,7,11,0.9999980065478841,0.9999980065478841
26,0,7,13,7,13,1.0000031494013362,1.0000031494013362
26,0,7,15,7,15,0.9999986671459674,0.9999986671459674
26,0,7,17,7,17,0.9999974993970239,0.9999974993970239
26,0,7,19,7,19,0.9999997685388855,0.9999997685388855
26,0,9,11,9,11,0.9999981262604312,0.9999981262604312
26,0,9,13,9,13,1.0000011233737587,1.0000011233737587
26,0,9,17,9,17,0.9999989004492732,0.9999989004492732
26,0,9,19,9,19,0.9999997362111563,0.9999997362111563
26,0,11,13,11,13,0.9999969455349944,0.9999969455349944
26,0,11,15,11,15,0.9999972185602974,0.9999972185602974
26,0,11,17,11,17,0.999997385775887,0.999997385775887
26,0,11,19,11,19,0.9999970636699564,0.9999970636699564
26,0,13,15,13,15,1.0000030324087705,1.0000030324087705
26,0,13,17,13,17,0.999997100619814,0.999997100619814
26,0,13,19,13,19,0.9999990129594329,0.9999990129594329
26,0,15,17,15,17,1.000579026721119,1.000579026721119
26,1,3,5,6,10,1.461018159647759,0.7305090798238795
26,1,3,7,6,14,1.4610156066640905,0.7305078033320452
26,1,3,11,6,22,1.4610112097749133,0.7305056048874566
26,1,3,13,6,26,1.461010517624686,0.730505258812343
26,1,3,17,6,34,1.4610160761790079,0.7305080380895039
26,1,3,19,6,38,1.4610100654711495,0.7305050327355748
26,1,5,7,10,14,1.4610102053644833,0.7305051026822417
26,1,5,9,10,18,1.4610180586839496,0.7305090293419748
26,1,5,11,10,22,1.461010316466209,0.7305051582331045
26,1,5,13,10,26,1.4610342650629118,0.7305171325314559
26,1,5,17,10,34,1.4610794160914065,0.7305397080457032
26,1,5,19,10,38,1.4610085011929952,0.7305042505964976
26,1,7,9,14,18,1.461542104623978,0.730771052311989
26,1,7,11,14,22,1.4610087740951998,0.7305043870475999
26,1,7,13,14,26,1.4610249834669011,0.7305124917334506
26,1,7,15,14,30,1.4610131013043295,0.7305065506521647
26,1,7,17,14,34,1.4610066000497521,0.7305033000248761
26,1,7,19,14,38,1.4610154237618165,0.7305077118809082
26,1,9,11,18,22,1.4610090430396339,0.7305045215198169
26,1,9,13,18,26,1.461020705461484,0.730510352730742
26,1,9,17,18,34,1.4610120497070023,0.7305060248535011
26,1,9,19,18,38,1.4610130579794496,0.7305065289897248
26,1,11,13,22,26,1.461005806446164,0.730502903223082
26,1,11,15,22,30,1.4610065457649055,0.7305032728824528
26,1,11,17,22,34,1.4610052573390861,0.7305026286695431
26,1,11,19,22,38,1.461004631407648,0.730502315703824
26,1,13,15,26,30,1.4610300257322413,0.7305150128661206
26,1,13,17,26,34,1.4610060015852202,0.7305030007926101
26,1,13,19,26,38,1.4610108482731483,0.7305054241365742
26,1,15,17,30,34,1.4630205024222274,0.7315102512111137
26,2,3,5,12,20,3.844071940215253,0.9610179850538132
26,2,3,7,12,28,3.8440666780186707,0.9610166695046677
26,2,3,11,12,44,3.8440527651569663,0.9610131912892416
26,2,3,13,12,52,3.8440475760985793,0.9610118940246448
26,2,3,17,12,68,3.8440655604978695,0.9610163901244674
26,2,3,19,12,76,3.8440471440447292,0.9610117860111823
26,2,5,7,20,28,3.8440466543553136,0.9610116635888284
26,2,5,9,20,36,3.8440678273730735,0.9610169568432684
26,2,5,11,20,44,3.844046594825736,0.961011648706434
26,2,5,13,20,52,3.8441149826593373,0.9610287456648343
26,2,5,17,20,68,3.844267418352328,0.961066854588082
26,2,5,19,20,76,3.8440388739774436,0.9610097184943609
26,2,7,9,28,36,3.845630780399681,0.9614076950999203
26,2,7,11,28,44,3.8440417859651106,0.9610104464912776
26,2,7,13,28,52,3.8441072096464413,0.9610268024116103
26,2,7,15,28,60,3.8440547515023966,0.9610136878755992
26,2,7,17,28,68,3.8440324186991006,0.9610081046747752
26,2,7,19,28,76,3.8440656835522096,0.9610164208880524
26,2,9,11,36,44,3.844040394570217,0.9610100986425543
26,2,9,13,36,52,3.844088748498137,0.9610221871245342
26,2,9,17,36,68,3.844045750124611,0.9610114375311527
26,2,9,19,36,76,3.8440561235769133,0.9610140308942283
26,2,11,13,44,52,3.844026846799822,0.9610067116999556
26,2,11,15,44,60,3.8440321313312484,0.9610080328328121
26,2,11,17,44,68,3.8440291316188806,0.9610072829047202
26,2,11,19,44,76,3.844023194916684,0.961005798729171
26,2,13,15,52,60,3.8440976999632275,0.9610244249908069
26,2,13,17,52,68,3.8440268353640583,0.9610067088410146
26,2,13,19,52,76,3.844049442549297,0.9610123606373242
26,2,15,17,60,68,3.850892778519722,0.9627231946299305
26,3,3,5,24,40,5.7770335090606455,0.7221291886325807
26,3,3,7,24,56,5.777056163414269,0.7221320204267836
26,3,3,11,24,88,5.776995543988049,0.7221244429985061
26,3,3,13,24,104,5.776983338523419,0.7221229173154273
26,3,3,17,24,136,5.777036562061665,0.7221295702577081
26,3,3,19,24,152,5.7769765274809926,0.7221220659351241
26,3,5,7,40,56,5.776980550047653,0.7221225687559566
26,3,5,9,40,72,5.777014435069225,0.7221268043836532
26,3,5,11,40,88,5.776973060050895,0.7221216325063619
26,3,5,13,40,104,5.777232381586147,0.7221540476982684
26,3,5,17,40,136,5.777586005183081,0.7221982506478851
26,3,5,19,40,152,5.776944306196837,0.7221180382746046
26,3,7,9,56,72,5.78141174598192,0.72267646824774
26,3,7,11,56,88,5.77695871781879,0.7221198397273487
26,3,7,13,56,104,5.777136942402559,0.7221421178003199
26,3,7,15,56,120,5.777001705127179,0.7221252131408974
26,3,7,17,56,136,5.776920619214554,0.7221150774018192
26,3,7,19,56,152,5.7770261505501,0.7221282688187625
26,3,9,11,72,88,5.776946233263057,0.7221182791578821
26,3,9,13,72,104,5.777103729440667,0.7221379661800834
26,3,9,17,72,136,5.776956055222265,0.7221195069027831
26,3,9,19,72,152,5.7769861616696705,0.7221232702087088
26,3,11,13,88,104,5.776901908177983,0.7221127385222479
26,3,11,15,88,120,5.7769015506878505,0.7221126938359813
26,3,11,17,88,136,5.776892916464402,0.7221116145580503
26,3,11,19,88,152,5.77688311609128,0.72211038951141
26,3,13,15,104,120,5.777153996964226,0.7221442496205283
26,3,13,17,104,136,5.776900514233249,0.7221125642791562
26,3,13,19,104,152,5.776948717997269,0.7221185897496586
26,3,15,17,120,136,5.793067824064858,0.7241334780081072
26,4,3,5,48,80,15.194999569757277,0.9496874731098298
26,4,3,7,48,112,15.194947440499266,0.9496842150312041
26,4,3,11,48,176,15.194744926760215,0.9496715579225135
26,4,3,13,48,208,15.194686653057282,0.9496679158160801
26,4,3,17,48,272,15.194900757789153,0.949681297361822
26,4,3,19,48,304,15.194640935214675,0.9496650584509172
26,4,5,7,80,112,15.194687721883993,0.9496679826177495
26,4,5,9,80,144,15.194926155503754,0.9496828847189847
26,4,5,11,80,176,15.194655982099219,0.9496659988812012
26,4,5,13,80,208,15.195527153585552,0.949720447099097
26,4,5,17,80,272,15.197157444977684,0.9498223403111052
26,4,5,19,80,304,15.194526074710746,0.9496578796694216
26,4,7,9,112,144,15.208159556102173,0.9505099722563858
26,4,7,11,112,176,15.194615238860623,0.9496634524287889
26,4,7,13,112,208,15.195417556177238,0.9497135972610774
26,4,7,15,112,240,15.194743168719725,0.9496714480449828
26,4,7,17,112,272,15.194445390608323,0.9496528369130202
26,4,7,19,112,304,15.194757181966306,0.9496723238728941
26,4,9,11,144,176,15.19454749183296,0.94965921823956
26,4,9,13,144,208,15.195416255179255,0.9497135159487035
26,4,9,17,144,272,15.194580606638246,0.9496612879148904
26,4,9,19,144,304,15.194696844087064,0.9496685527554415
26,4,11,13,176,208,15.194364863031488,0.949647803939468
26,4,11,15,176,240,15.194380268540945,0.949648766783809
26,4,11,17,176,272,15.194360230073965,0.9496475143796228
26,4,11,19,176,304,15.194283975494233,0.9496427484683896
26,4,13,15,208,240,15.195235334023167,0.9497022083764479
26,4,13,17,208,272,15.194391466935642,0.9496494666834776
26,4,13,19,208,304,15.194521678053542,0.9496576048783464
26,4,15,17,240,272,15.241338584344165,0.9525836615215103
26,5,3,5,96,160,23.03277315874551,0.7197741612107972
26,5,3,7,96,224,23.032805963220184,0.7197751863506308
26,5,3,11,96,352,23.031850937369285,0.7197453417927901
26,5,3,13,96,416,23.031681292690443,0.7197400403965764
26,5,3,17,96,544,23.03210983656735,0.7197534323927297
26,5,3,19,96,608,23.031551538322265,0.7197359855725708
26,5,5,7,160,224,23.031673358746488,0.7197397924608278
26,5,5,9,160,288,23.032471458168573,0.7197647330677679
26,5,5,11,160,352,23.03155190513306,0.7197359970354081
26,5,5,13,160,416,23.03482853377058,0.7198383916803306
26,5,5,17,160,544,23.03718152858451,0.719911922768266
26,5,5,19,160,608,23.031121170342658,0.7197225365732081
26,5,7,9,224,288,23.070863983252355,0.7209644994766361
26,5,7,11,224,352,23.031438010088767,0.719732437815274
26,5,7,13,224,416,23.033511045260912,0.7197972201644035
26,5,7,15,224,480,23.032078587701026,0.7197524558656571
26,5,7,17,224,544,23.030694714747337,0.7197092098358543
26,5,7,19,224,608,23.03168074870483,0.7197400233970259
26,5,9,11,288,352,23.03110041273413,0.7197218878979416
26,5,9,13,288,416,23.034139264462453,0.7198168520144517
26,5,9,17,288,544,23.030847653204766,0.719713989162649
26,5,9,19,288,608,23.031443241960446,0.7197326013112639
26,5,11,13,352,416,23.03054196328973,0.719704436352804
26,5,11,15,352,480,23.030400160994233,0.7197000050310698
26,5,11,17,352,544,23.03018633442277,0.7196933229507115
26,5,11,19,352,608,23.030285915852925,0.7196964348704039
26,5,13,15,416,480,23.03374740128473,0.7198046062901479
26,5,13,17,416,544,23.03048568116871,0.7197026775365222
26,5,13,19,416,608,23.030585655544666,0.7197058017357708
26,5,15,17,480,544,23.160380474630777,0.7237618898322118
26,6,3,5,192,320,60.592539150910945,0.9467584242329835
26,6,3,7,192,448,60.59235399363874,0.9467555311506053
26,6,3,11,192,704,60.58979169140963,0.9467154951782755
26,6,3,13,192,832,60.58908743923197,0.9467044912379995
26,6,3,17,192,1088,60.59165995039852,0.9467446867249769
26,6,3,19,192,1216,60.58881163291508,0.9467001817642982
26,6,5,7,320,448,60.588868196697675,0.9467010655734012
26,6,5,9,320,576,60.59160318660205,0.946743799790657
26,6,5,11,320,704,60.58863758809611,0.9466974623140018
26,6,5,13,320,832,60.59879270049889,0.9468561359452952
26,6,5,17,320,1088,60.617017054213,0.9471408914720781
26,6,5,19,320,1216,60.58712213299574,0.9466737833280584
26,6,7,9,448,576,60.70868568376601,0.9485732138088439
26,6,7,11,448,704,60.58796157042569,0.9466868995379014
26,6,7,13,448,832,60.598201616782795,0.9468469002622312
26,6,7,15,448,960,60.58946971895834,0.9467104643587241
26,6,7,17,448,1088,60.585109167247985,0.9466423307382498
26,6,7,19,448,1216,60.58867720796032,0.94669808137438
26,6,9,11,576,704,60.58711814928155,0.9466737210825242
26,6,9,13,576,832,60.59949802553618,0.9468671566490028
26,6,9,17,576,1088,60.58695438797136,0.9466711623120525
26,6,9,19,576,1216,60.58792180450922,0.9466862781954566
26,6,11,13,704,832,60.58450191469676,0.9466328424171369
26,6,11,15,704,960,60.58407369954467,0.9466261515553854
26,6,11,17,704,1088,60.58345453500218,0.9466164771094091
26,6,11,19,704,1216,60.5842067168345,0.9466282299505391
26,6,13,15,832,960,60.594854511001145,0.9467946017343929
26,6,13,17,832,1088,60.58403794793259,0.9466255929364468
26,6,13,19,832,1216,60.58580431212272,0.9466531923769175
26,6,15,17,960,1088,60.932099930850804,0.9520640614195438
